Camera,Species,Date,Time,Hour
BK1,SYLAUD,2/11/21,20:42:18,20
BK1,SYLAUD,2/11/21,20:57:35,20
BK1,SYLAUD,2/11/21,21:26:19,21
BK1,SYLAUD,2/12/21,0:15:29,0
BK1,SYLAUD,2/12/21,2:20:36,2
BK1,SYLAUD,2/12/21,2:55:32,2
BK1,SYLAUD,2/12/21,3:14:03,3
BK1,SYLAUD,2/12/21,5:01:29,5
BK1,SYLAUD,2/12/21,5:13:31,5
BK1,CANLAT,2/12/21,5:16:25,5
BK1,CANLAT,2/12/21,5:16:47,5
BK1,SYLAUD,2/12/21,5:58:50,5
BK1,SYLAUD,2/12/21,5:59:00,5
BK1,SYLAUD,2/12/21,6:01:14,6
BK1,SYLAUD,2/12/21,20:53:12,20
BK1,SYLAUD,2/12/21,21:26:30,21
BK1,SYLAUD,2/13/21,18:26:31,18
BK1,SYLAUD,2/13/21,18:26:48,18
BK1,SYLAUD,2/13/21,18:27:56,18
BK1,SYLAUD,2/13/21,18:53:24,18
BK1,SYLAUD,2/13/21,19:16:57,19
BK1,SYLAUD,2/13/21,22:26:45,22
BK1,CANLAT,2/13/21,23:22:13,23
BK1,CANLAT,2/13/21,23:22:24,23
BK1,CANLAT,2/13/21,23:24:33,23
BK1,SYLAUD,2/14/21,0:50:49,0
BK1,SYLAUD,2/14/21,2:30:05,2
BK1,SYLAUD,2/14/21,2:57:14,2
BK1,SYLAUD,2/14/21,2:58:21,2
BK1,SYLAUD,2/14/21,2:58:31,2
BK1,SYLAUD,2/14/21,2:58:41,2
BK1,SYLAUD,2/14/21,4:18:55,4
BK1,SYLAUD,2/14/21,4:19:21,4
BK1,SYLAUD,2/14/21,4:20:15,4
BK1,SYLAUD,2/14/21,4:20:42,4
BK1,SYLAUD,2/14/21,5:13:03,5
BK1,SYLAUD,2/14/21,5:39:18,5
BK1,SYLAUD,2/14/21,6:15:24,6
BK1,SYLAUD,2/14/21,18:51:22,18
BK1,SYLAUD,2/14/21,18:51:32,18
BK1,SYLAUD,2/14/21,18:51:42,18
BK1,SYLAUD,2/14/21,18:55:41,18
BK1,SYLAUD,2/14/21,19:15:53,19
BK1,SYLAUD,2/14/21,19:33:14,19
BK1,SYLAUD,2/14/21,19:33:34,19
BK1,SYLAUD,2/14/21,19:36:33,19
BK1,SYLAUD,2/14/21,19:36:45,19
BK1,SYLAUD,2/14/21,20:00:51,20
BK1,CANLAT,2/14/21,20:16:21,20
BK1,SYLAUD,2/14/21,20:20:16,20
BK1,SYLAUD,2/14/21,20:23:16,20
BK1,SYLAUD,2/14/21,20:55:36,20
BK1,SYLAUD,2/14/21,22:43:31,22
BK1,SYLAUD,2/14/21,22:43:51,22
BK1,SYLAUD,2/14/21,22:44:25,22
BK1,SYLAUD,2/14/21,23:34:57,23
BK1,SYLAUD,2/14/21,23:35:07,23
BK1,SYLAUD,2/14/21,23:39:34,23
BK1,SYLAUD,2/14/21,23:56:28,23
BK1,COLUMB,2/15/21,18:02:37,18
BK1,SYLAUD,2/15/21,18:10:48,18
BK1,SYLAUD,2/15/21,18:12:48,18
BK1,SYLAUD,2/15/21,19:33:25,19
BK1,SYLAUD,2/15/21,21:09:14,21
BK1,SYLAUD,2/15/21,23:27:12,23
BK1,SYLAUD,2/15/21,23:27:27,23
BK1,SYLAUD,2/15/21,23:32:27,23
BK1,SYLAUD,2/15/21,23:56:23,23
BK1,SYLAUD,2/15/21,0:44:46,0
BK1,SYLAUD,2/15/21,1:41:01,1
BK1,SYLAUD,2/15/21,1:41:11,1
BK1,SYLAUD,2/15/21,2:15:24,2
BK1,SYLAUD,2/15/21,2:20:18,2
BK1,SYLAUD,2/15/21,2:36:40,2
BK1,SYLAUD,2/15/21,2:45:40,2
BK1,SYLAUD,2/15/21,3:15:06,3
BK1,SYLAUD,2/15/21,3:19:06,3
BK1,SYLAUD,2/15/21,4:03:24,4
BK1,SYLAUD,2/15/21,4:03:42,4
BK1,SYLAUD,2/15/21,4:53:42,4
BK1,SYLAUD,2/15/21,4:55:42,4
BK1,SYLAUD,2/15/21,4:57:06,4
BK1,CANLAT,2/15/21,5:06:35,5
BK1,SYLAUD,2/15/21,5:31:09,5
BK1,SYLAUD,2/16/21,0:53:56,0
BK1,SYLAUD,2/16/21,0:54:06,0
BK1,SYLAUD,2/16/21,0:55:19,0
BK1,SYLAUD,2/16/21,0:55:29,0
BK1,SYLAUD,2/16/21,1:43:39,1
BK1,SYLAUD,2/16/21,3:51:36,3
BK1,SYLAUD,2/16/21,4:27:54,4
BK1,SYLAUD,2/16/21,4:28:18,4
BK1,SYLAUD,2/16/21,5:02:34,5
BK1,SYLAUD,2/16/21,5:02:54,5
BK1,SYLAUD,2/16/21,5:23:49,5
BK1,SYLAUD,2/16/21,5:24:00,5
BK1,SYLAUD,2/16/21,5:46:31,5
BK1,SYLAUD,2/16/21,5:46:49,5
BK1,SYLAUD,2/16/21,18:08:11,18
BK1,SYLAUD,2/16/21,18:08:32,18
BK1,SYLAUD,2/16/21,19:00:12,19
BK1,SYLAUD,2/16/21,19:00:32,19
BK1,SYLAUD,2/16/21,19:27:28,19
BK1,SYLAUD,2/16/21,19:28:10,19
BK1,SYLAUD,2/16/21,19:54:10,19
BK1,SYLAUD,2/16/21,22:31:42,22
BK1,SYLAUD,2/16/21,22:31:53,22
BK1,SYLAUD,2/16/21,22:34:43,22
BK1,SYLAUD,2/16/21,22:55:03,22
BK1,SYLAUD,2/16/21,23:06:35,23
BK1,SYLAUD,2/16/21,23:06:51,23
BK1,SYLAUD,2/16/21,23:30:56,23
BK1,SYLAUD,2/16/21,23:48:30,23
BK1,SYLAUD,2/16/21,23:59:18,23
BK1,SYLAUD,2/16/21,23:59:29,23
BK1,SYLAUD,2/16/21,23:59:39,23
BK1,SYLAUD,2/17/21,0:55:00,0
BK1,SYLAUD,2/17/21,0:55:22,0
BK1,SYLAUD,2/17/21,1:25:49,1
BK1,SYLAUD,2/17/21,1:46:09,1
BK1,SYLAUD,2/17/21,1:46:52,1
BK1,SYLAUD,2/17/21,1:58:54,1
BK1,SYLAUD,2/17/21,1:59:37,1
BK1,SYLAUD,2/17/21,2:08:37,2
BK1,SYLAUD,2/17/21,2:09:20,2
BK1,SYLAUD,2/17/21,2:09:32,2
BK1,SYLAUD,2/17/21,2:20:12,2
BK1,SYLAUD,2/17/21,4:10:02,4
BK1,SYLAUD,2/17/21,4:10:06,4
BK1,SYLAUD,2/17/21,5:05:39,5
BK1,SYLAUD,2/17/21,18:58:44,18
BK1,SYLAUD,2/17/21,19:10:01,19
BK1,SYLAUD,2/17/21,19:31:59,19
BK1,SYLAUD,2/17/21,19:50:03,19
BK1,SYLAUD,2/17/21,19:50:13,19
BK1,SYLAUD,2/17/21,19:50:25,19
BK1,SYLAUD,2/17/21,19:54:25,19
BK1,SYLAUD,2/17/21,19:54:38,19
BK1,SYLAUD,2/17/21,20:09:21,20
BK1,SYLAUD,2/17/21,20:10:04,20
BK1,SYLAUD,2/17/21,20:22:58,20
BK1,SYLAUD,2/17/21,21:26:13,21
BK1,SYLAUD,2/17/21,21:36:25,21
BK1,SYLAUD,2/18/21,1:08:04,1
BK1,SYLAUD,2/18/21,2:38:35,2
BK1,SYLAUD,2/18/21,2:38:58,2
BK1,SYLAUD,2/18/21,4:57:41,4
BK1,SYLAUD,2/18/21,5:05:39,5
BK1,SYLAUD,2/18/21,5:45:37,5
BK1,CANLAT,2/18/21,7:44:45,7
BK1,SYLAUD,3/4/21,18:33:41,18
BK1,SYLAUD,3/4/21,18:42:03,18
BK1,SYLAUD,3/4/21,20:23:31,20
BK1,SYLAUD,3/4/21,20:29:19,20
BK1,SYLAUD,3/4/21,20:50:36,20
BK1,SYLAUD,3/4/21,20:52:11,20
BK1,SYLAUD,3/4/21,20:53:17,20
BK1,SYLAUD,3/5/21,18:42:39,18
BK1,SYLAUD,3/5/21,18:43:50,18
BK1,SYLAUD,3/5/21,19:57:26,19
BK1,SYLAUD,3/5/21,20:08:52,20
BK1,SYLAUD,3/5/21,20:17:27,20
BK1,SYLAUD,3/5/21,23:11:54,23
BK1,ZENMAC,3/6/21,15:02:41,15
BK1,SAYNIG,3/6/21,15:57:04,15
BK1,SYLAUD,3/6/21,18:35:12,18
BK1,SYLAUD,3/6/21,18:40:15,18
BK1,SYLAUD,3/6/21,18:41:40,18
BK1,SYLAUD,3/6/21,18:44:02,18
BK1,SYLAUD,3/6/21,18:45:25,18
BK1,SYLAUD,3/6/21,18:46:36,18
BK1,SYLAUD,3/6/21,19:16:26,19
BK1,SYLAUD,3/7/21,19:48:20,19
BK1,SYLAUD,3/7/21,19:07:04,19
BK1,SYLAUD,3/7/21,19:30:55,19
BK1,SYLAUD,3/7/21,20:23:55,20
BK1,SYLAUD,3/7/21,21:16:25,21
BK1,CHAVOC,3/7/21,22:02:13,22
BK1,SYLAUD,3/7/21,22:38:44,22
BK1,SYLAUD,3/7/21,23:00:33,23
BK1,CHAVOC,3/8/21,0:55:20,0
BK1,SYLAUD,3/8/21,1:53:57,1
BK1,SYLAUD,3/8/21,2:21:53,2
BK1,CHAVOC,3/8/21,2:23:31,2
BK1,CHAVOC,3/8/21,2:32:43,2
BK1,CHAVOC,3/8/21,2:33:42,2
BK1,CHAVOC,3/8/21,3:04:11,3
BK1,SYLAUD,3/8/21,3:09:12,3
BK1,CHAVOC,3/8/21,3:11:17,3
BK1,CHAVOC,3/8/21,3:12:20,3
BK1,CHAVOC,3/8/21,3:13:38,3
BK1,CHAVOC,3/8/21,3:48:28,3
BK1,SYLAUD,3/8/21,3:48:28,3
BK1,CHAVOC,3/8/21,4:12:45,4
BK1,CHAVOC,3/8/21,4:47:13,4
BK1,SYLAUD,3/8/21,5:08:32,5
BK1,SYLAUD,3/8/21,5:15:40,5
BK1,SYLAUD,3/8/21,5:20:56,5
BK1,SYLAUD,3/8/21,5:24:35,5
BK1,SYLAUD,3/8/21,5:29:26,5
BK1,SYLAUD,3/8/21,18:54:34,18
BK1,SYLAUD,3/8/21,19:00:38,19
BK1,SYLAUD,3/8/21,19:02:46,19
BK1,SYLAUD,3/8/21,19:04:44,19
BK1,SYLAUD,3/8/21,19:06:24,19
BK1,SYLAUD,3/8/21,19:46:41,19
BK1,SYLAUD,3/8/21,19:50:37,19
BK1,CHAVOC,3/8/21,20:30:39,20
BK1,SYLAUD,3/8/21,20:59:18,20
BK1,SYLAUD,3/9/21,0:08:20,0
BK1,CHAVOC,3/9/21,0:33:00,0
BK1,SYLAUD,3/9/21,0:55:23,0
BK1,SYLAUD,3/9/21,0:56:41,0
BK1,SYLAUD,3/9/21,1:09:34,1
BK1,SYLAUD,3/9/21,8:09:05,8
BK1,SYLAUD,3/9/21,20:21:27,20
BK1,SYLAUD,3/9/21,20:52:14,20
BK1,SYLAUD,3/9/21,20:55:16,20
BK1,SYLAUD,3/9/21,23:08:33,23
BK1,SYLAUD,3/9/21,23:30:57,23
BK1,SYLAUD,3/9/21,23:57:26,23
BK1,SYLAUD,3/10/21,0:25:29,0
BK1,SYLAUD,3/10/21,0:41:22,0
BK1,SYLAUD,3/10/21,0:56:10,0
BK1,SYLAUD,3/10/21,0:58:46,0
BK1,SYLAUD,3/10/21,1:10:33,1
BK1,SYLAUD,3/10/21,2:57:22,2
BK1,SYLAUD,3/10/21,8:33:31,8
BK1,SYLAUD,3/10/21,18:50:33,18
BK1,SYLAUD,3/10/21,19:51:06,19
BK1,SYLAUD,3/10/21,19:54:30,19
BK1,SYLAUD,3/10/21,20:40:43,20
BK1,SYLAUD,3/10/21,23:09:39,23
BK1,SYLAUD,3/11/21,2:06:45,2
CP1,SYLAUD,2/11/21,22:47:27,22
CP1,MIMPOL,2/12/21,8:53:18,8
CP1,SYLAUD,2/12/21,21:54:07,21
CP1,SYLAUD,2/12/21,22:55:28,22
CP1,SYLAUD,2/12/21,23:41:16,23
CP1,SYLAUD,2/12/21,23:58:17,23
CP1,CANLAT,2/13/21,22:58:22,22
CP1,SYLAUD,2/14/21,20:49:57,20
CP1,SYLAUD,2/14/21,22:35:14,22
CP1,SYLAUD,2/15/21,2:34:38,2
CP1,SYLAUD,2/15/21,5:40:42,5
CP1,CANLAT,2/15/21,17:08:05,17
CP1,CANLAT,2/15/21,21:32:33,21
CP1,SYLAUD,2/15/21,23:38:59,23
CP1,CANLAT,2/16/21,2:04:12,2
CP1,CANLAT,2/16/21,2:46:17,2
CP1,CANLAT,2/16/21,2:46:27,2
CP1,CANLAT,2/16/21,2:46:41,2
CP1,SYLAUD,2/16/21,23:12:41,23
CP1,SYLAUD,2/16/21,23:26:44,23
CP1,SYLAUD,2/17/21,3:00:27,3
CP1,SYLAUD,2/17/21,19:03:45,19
CP1,SYLAUD,2/17/21,19:13:39,19
CP1,SYLAUD,2/17/21,21:31:27,21
CP1,SYLAUD,2/17/21,22:04:20,22
CP1,SYLAUD,2/17/21,22:07:42,22
CP1,SYLAUD,2/17/21,22:45:56,22
CP1,SYLAUD,2/17/21,23:49:08,23
CP1,CANLAT,2/18/21,0:08:22,0
CP1,SYLAUD,2/18/21,4:22:34,4
CP1,CORCOR,2/25/21,16:41:46,16
CP1,CORCOR,2/25/21,17:14:08,17
CP1,CORCOR,2/25/21,17:14:25,17
CP1,SYLAUD,2/25/21,18:38:30,18
CP1,SYLAUD,2/25/21,20:49:49,20
CP1,CANLAT,2/25/21,22:14:09,22
CP1,SYLAUD,2/26/21,0:03:58,0
CP1,SYLAUD,2/26/21,0:04:07,0
CP1,SYLAUD,2/26/21,0:30:09,0
CP1,SYLAUD,2/26/21,3:16:11,3
CP1,SYLAUD,2/26/21,4:04:41,4
CP1,SYLAUD,2/26/21,5:53:00,5
CP1,SYLAUD,2/26/21,18:38:12,18
CP1,SYLAUD,2/26/21,18:52:48,18
CP1,SYLAUD,2/26/21,16:53:06,16
CP1,CANLAT,2/26/21,18:56:25,18
CP1,SYLAUD,2/26/21,19:34:15,19
CP1,SYLAUD,2/26/21,20:49:13,20
CP1,SYLAUD,2/26/21,21:17:10,21
CP1,SYLAUD,2/26/21,21:28:41,21
CP1,SYLAUD,2/26/21,21:29:00,21
CP1,SYLAUD,2/26/21,21:29:14,21
CP1,CANLAT,2/26/21,22:02:13,22
CP1,SYLAUD,2/26/21,22:24:45,22
CP1,SYLAUD,2/26/21,22:36:31,22
CP1,SYLAUD,2/26/21,22:48:03,22
CP1,SYLAUD,2/26/21,22:52:43,22
CP1,SYLAUD,2/26/21,23:06:13,23
CP1,SYLAUD,2/26/21,23:06:48,23
CP1,SYLAUD,2/26/21,23:13:02,23
CP1,SYLAUD,2/26/21,23:13:31,23
CP1,SYLAUD,2/26/21,23:33:46,23
CP1,SYLAUD,2/27/21,0:29:44,0
CP1,SYLAUD,2/27/21,0:41:40,0
CP1,SYLAUD,2/27/21,0:41:53,0
CP1,SYLAUD,2/27/21,1:09:00,1
CP1,SYLAUD,2/27/21,1:17:30,1
CP1,SYLAUD,2/27/21,1:39:53,1
CP1,SYLAUD,2/27/21,1:40:17,1
CP1,SYLAUD,2/27/21,1:40:49,1
CP1,SYLAUD,2/27/21,1:41:03,1
CP1,SYLAUD,2/27/21,1:41:39,1
CP1,SYLAUD,2/27/21,1:41:50,1
CP1,SYLAUD,2/27/21,1:48:41,1
CP1,SYLAUD,2/27/21,1:48:54,1
CP1,SYLAUD,2/27/21,2:23:52,2
CP1,SYLAUD,2/27/21,2:25:13,2
CP1,CANLAT,2/27/21,3:00:19,3
CP1,SYLAUD,2/27/21,3:11:34,3
CP1,SYLAUD,2/27/21,3:33:28,3
CP1,SYLAUD,2/27/21,5:20:13,5
CP1,SYLAUD,2/27/21,6:04:29,6
CP1,SYLAUD,2/27/21,6:05:34,6
CP1,SYLAUD,2/27/21,18:36:39,18
CP1,SYLAUD,2/27/21,18:44:51,18
CP1,SYLAUD,2/27/21,18:50:01,18
CP1,SYLAUD,2/27/21,18:56:06,18
CP1,SYLAUD,2/27/21,19:06:55,19
CP1,SYLAUD,2/27/21,19:32:51,19
CP1,CANLAT,2/27/21,20:07:09,20
CP1,CANLAT,2/27/21,20:07:19,20
CP1,CANLAT,2/27/21,20:07:32,20
CP1,SYLAUD,2/27/21,20:21:12,20
CP1,SYLAUD,2/27/21,20:22:24,20
CP1,SYLAUD,2/27/21,20:37:50,20
CP1,SYLAUD,2/27/21,20:44:30,20
CP1,SYLAUD,2/27/21,21:11:42,21
CP1,SYLAUD,2/27/21,21:37:14,21
CP1,SYLAUD,2/27/21,21:43:12,21
CP1,SYLAUD,2/27/21,21:46:56,21
CP1,SYLAUD,2/27/21,21:48:55,21
CP1,SYLAUD,2/27/21,21:49:04,21
CP1,SYLAUD,2/27/21,21:51:03,21
CP1,SYLAUD,2/27/21,21:53:54,21
CP1,SYLAUD,2/27/21,22:23:00,22
CP1,SYLAUD,2/27/21,22:23:40,22
CP1,SYLAUD,2/27/21,22:46:00,22
CP1,SYLAUD,2/27/21,23:57:25,23
CP1,SYLAUD,2/27/21,23:57:57,23
CP1,SYLAUD,2/28/21,4:06:27,4
CP1,CANLAT,2/28/21,18:20:38,18
CP1,CANLAT,2/28/21,18:29:23,18
CP1,CANLAT,2/28/21,18:32:23,18
CP1,CANLAT,2/28/21,21:23:28,21
CP1,SYLAUD,2/28/21,22:09:57,22
CP1,SYLAUD,2/28/21,22:10:12,22
CP1,SYLAUD,3/1/21,0:01:11,0
CP1,SYLAUD,3/1/21,0:40:34,0
CP1,SYLAUD,3/1/21,0:50:01,0
CP1,SYLAUD,3/1/21,0:51:17,0
CP1,SYLAUD,3/1/21,0:51:27,0
CP1,CANLAT,3/1/21,2:50:55,2
CP1,SYLAUD,3/1/21,3:24:14,3
CP1,SYLAUD,3/1/21,3:27:56,3
CP1,SYLAUD,3/1/21,3:54:40,3
CP1,SYLAUD,3/1/21,5:13:23,5
CP1,SYLAUD,3/1/21,18:33:03,18
CP1,SYLAUD,3/1/21,19:32:26,19
CP1,SYLAUD,3/1/21,19:54:48,19
CP1,SYLAUD,3/1/21,22:04:00,22
CP1,SYLAUD,3/1/21,22:45:48,22
CP1,SYLAUD,3/1/21,22:56:55,22
CP1,SYLAUD,3/1/21,23:46:39,23
CP1,SYLAUD,3/2/21,0:09:46,0
CP1,SYLAUD,3/2/21,1:55:40,1
CP1,SYLAUD,3/2/21,2:21:17,2
CP1,SYLAUD,3/2/21,5:11:34,5
CP1,SYLAUD,3/2/21,5:11:47,5
CP1,SYLAUD,3/2/21,5:13:06,5
CP1,SYLAUD,3/2/21,5:13:47,5
CP1,SYLAUD,3/2/21,5:13:57,5
CP1,SYLAUD,3/2/21,5:39:46,5
CP1,SYLAUD,3/2/21,5:40:03,5
CP1,SYLAUD,3/2/21,5:45:46,5
CP1,SYLAUD,3/2/21,5:53:23,5
CP1,SYLAUD,3/2/21,18:39:05,18
CP1,SYLAUD,3/2/21,22:48:22,22
CP1,CANLAT,3/3/21,6:59:06,6
CP1,CANLAT,3/3/21,23:45:52,23
CP1,CANLAT,3/3/21,23:46:23,23
CP1,CANLAT,3/3/21,23:46:33,23
CP1,CANLAT,3/3/21,23:46:42,23
HC1,SYLAUD,12/19/20,17:43:57,17
HC1,SYLAUD,12/19/20,20:12:52,20
HC1,SYLAUD,12/19/20,20:12:55,20
HC1,SYLAUD,12/19/20,20:12:58,20
HC1,SYLAUD,12/19/20,20:54:19,20
HC1,SYLAUD,12/19/20,22:13:27,22
HC1,SYLAUD,12/20/20,2:31:25,2
HC1,SYLAUD,12/20/20,2:31:28,2
HC1,SYLAUD,12/20/20,2:31:31,2
HC1,SYLAUD,12/20/20,3:56:36,3
HC1,SYLAUD,12/20/20,6:24:04,6
HC1,SYLAUD,12/20/20,6:24:07,6
HC1,SYLAUD,12/20/20,6:24:10,6
HC1,SYLAUD,12/20/20,6:27:48,6
HC1,SYLAUD,12/20/20,6:27:51,6
HC1,SYLAUD,12/20/20,6:27:54,6
HC1,SYLAUD,12/20/20,6:34:05,6
HC1,SYLAUD,12/20/20,6:34:08,6
HC1,SYLAUD,12/20/20,6:34:11,6
HC1,SYLAUD,12/20/20,6:34:32,6
HC1,SYLAUD,12/20/20,6:34:35,6
HC1,SYLAUD,12/20/20,6:34:38,6
HC1,SYLAUD,12/20/20,21:37:34,21
HC1,SYLAUD,12/20/20,21:37:40,21
HC1,SYLAUD,12/20/20,21:43:57,21
HC1,SYLAUD,12/20/20,23:02:13,23
HC1,SYLAUD,12/20/20,23:02:16,23
HC1,SYLAUD,12/21/20,1:10:24,1
HC1,SYLAUD,12/21/20,1:10:27,1
HC1,SYLAUD,12/21/20,1:10:30,1
HC1,SYLAUD,12/21/20,1:29:24,1
HC1,SYLAUD,12/21/20,1:29:27,1
HC1,SYLAUD,12/21/20,1:29:30,1
HC1,SYLAUD,12/21/20,2:52:50,2
HC1,SYLAUD,12/21/20,2:52:53,2
HC1,SYLAUD,12/21/20,2:52:56,2
HC1,SYLAUD,12/21/20,4:26:16,4
HC1,SYLAUD,12/21/20,4:26:19,4
HC1,SYLAUD,12/21/20,4:26:22,4
HC1,SYLAUD,12/21/20,4:30:47,4
HC1,SYLAUD,12/21/20,4:30:50,4
HC1,SYLAUD,12/21/20,4:30:53,4
HC1,SYLAUD,12/21/20,5:50:34,5
HC1,SYLAUD,12/21/20,21:44:45,21
HC1,SYLAUD,12/21/20,21:44:48,21
HC1,SYLAUD,12/21/20,21:44:51,21
HC1,SYLAUD,12/21/20,22:04:54,22
HC1,SYLAUD,12/21/20,22:04:57,22
HC1,SYLAUD,12/21/20,22:05:00,22
HC1,SYLAUD,12/21/20,22:05:00,22
HC1,SYLAUD,12/22/20,17:08:42,17
HC1,SYLAUD,12/22/20,17:09:38,17
HC1,SYLAUD,12/22/20,17:09:41,17
HC1,SYLAUD,12/26/20,17:09:41,17
HC1,SYLAUD,12/26/20,17:54:47,17
HC1,SYLAUD,12/26/20,17:54:50,17
HC1,SYLAUD,12/26/20,23:33:43,23
HC1,RATNOR,12/23/20,21:17:54,21
HC1,SYLAUD,12/26/20,23:33:46,23
HC1,SYLAUD,12/28/20,18:02:38,18
HC1,SYLAUD,12/28/20,18:02:41,18
HC1,SYLAUD,12/28/20,18:02:44,18
HC1,SYLAUD,12/20/20,21:37:34,21
HC1,SYLAUD,12/24/20,17:15:08,17
HC1,SYLAUD,12/20/20,21:37:37,21
HC1,SYLAUD,12/24/20,17:15:11,17
HC1,SYLAUD,12/20/20,21:37:40,21
HC1,SYLAUD,12/24/20,17:15:14,17
HC1,SYLAUD,12/20/20,21:43:57,21
HC1,SYLAUD,12/22/20,17:08:42,17
HC1,SYLAUD,12/24/20,20:11:36,20
HC1,SYLAUD,12/28/20,20:27:50,20
HC1,SYLAUD,12/22/20,17:08:45,17
HC1,SYLAUD,12/24/20,20:11:39,20
HC1,SYLAUD,12/28/20,20:27:53,20
HC1,SYLAUD,12/24/20,20:11:42,20
HC1,SYLAUD,12/28/20,20:27:56,20
HC1,SYLAUD,12/22/20,17:09:38,17
HC1,RATNOR,12/25/20,0:28:07,0
HC1,SYLAUD,12/28/20,20:28:15,20
HC1,SYLAUD,12/19/20,17:43:57,17
HC1,SYLAUD,12/20/20,23:02:13,23
HC1,SYLAUD,12/22/20,17:09:41,17
HC1,SYLAUD,12/22/20,20:28:18,20
HC1,SYLAUD,12/20/20,23:02:16,23
HC1,RATNOR,12/25/20,0:28:13,0
HC1,SYLAUD,12/28/20,20:28:21,20
HC1,SYLAUD,12/21/20,1:10:24,1
HC1,SYLAUD,12/25/20,1:41:17,1
HC1,SYLAUD,12/19/20,20:12:52,20
HC1,SYLAUD,12/21/20,1:10:27,1
HC1,SYLAUD,12/25/20,1:41:20,1
HC1,SYLAUD,12/19/20,20:12:55,20
HC1,SYLAUD,12/21/20,1:10:30,1
HC1,SYLAUD,12/25/20,1:41:23,1
HC1,SYLAUD,12/19/20,20:12:58,20
HC1,SYLAUD,12/21/20,1:29:24,1
HC1,SYLAUD,12/25/20,2:07:18,2
HC1,CANLAT,12/29/20,10:51:58,10
HC1,SYLAUD,12/19/20,20:54:19,20
HC1,SYLAUD,12/21/20,1:29:27,1
HC1,CANLAT,12/29/20,10:52:01,10
HC1,SYLAUD,12/21/20,1:29:30,1
HC1,CANLAT,12/29/20,10:52:04,10
HC1,SYLAUD,12/21/20,2:52:50,2
HC1,CANLAT,12/29/20,11:24:24,11
HC1,SYLAUD,12/19/20,22:13:27,22
HC1,SYLAUD,12/21/20,2:52:53,2
HC1,CANLAT,12/29/20,11:24:27,11
HC1,SYLAUD,12/21/20,2:52:56,2
HC1,CANLAT,12/29/20,11:24:30,11
HC1,SYLAUD,12/21/20,4:26:16,4
HC1,SYLAUD,12/25/20,6:44:26,6
HC1,CANLAT,12/29/20,22:06:10,22
HC1,SYLAUD,12/21/20,4:26:19,4
HC1,SYLAUD,12/25/20,6:44:29,6
HC1,CANLAT,12/29/20,22:06:13,22
HC1,SYLAUD,12/21/20,4:26:22,4
HC1,SYLAUD,12/25/20,6:44:32,6
HC1,SYLAUD,12/21/20,4:30:47,4
HC1,SYLAUD,12/20/20,2:31:25,2
HC1,SYLAUD,12/21/20,4:30:50,4
HC1,SYLAUD,12/20/20,2:31:28,2
HC1,SYLAUD,12/21/20,4:30:53,4
HC1,SYLAUD,12/20/20,2:31:31,2
HC1,SYLAUD,12/21/20,5:50:34,5
HC1,SYLAUD,12/29/20,23:14:24,23
HC1,SYLAUD,12/20/20,3:56:36,3
HC1,SYLAUD,12/29/20,23:18:38,23
HC1,SYLAUD,12/20/20,6:24:04,6
HC1,SYLAUD,12/29/20,23:18:41,23
HC1,SYLAUD,12/20/20,6:24:07,6
HC1,SYLAUD,12/20/20,6:24:10,6
HC1,SYLAUD,12/21/20,21:44:45,21
HC1,SYLAUD,12/30/20,0:42:14,0
HC1,SYLAUD,12/20/20,6:27:48,6
HC1,SYLAUD,12/21/20,21:44:48,21
HC1,SYLAUD,12/30/20,0:42:17,0
HC1,SYLAUD,12/20/20,6:27:51,6
HC1,SYLAUD,12/21/20,21:44:51,21
HC1,SYLAUD,12/30/20,0:42:20,0
HC1,SYLAUD,12/20/20,6:27:54,6
HC1,SYLAUD,12/21/20,22:04:54,22
HC1,SYLAUD,12/30/20,2:34:01,2
HC1,SYLAUD,12/20/20,6:34:05,6
HC1,SYLAUD,12/21/20,22:04:57,22
HC1,SYLAUD,12/20/20,6:34:08,6
HC1,SYLAUD,12/21/20,22:05:00,22
HC1,SYLAUD,12/20/20,6:34:11,6
HC1,SYLAUD,12/20/20,6:34:32,6
HC1,SYLAUD,12/20/20,6:34:35,6
HC1,SYLAUD,12/20/20,6:34:38,6
HC1,SYLAUD,12/30/20,6:43:46,6
HC1,SYLAUD,12/30/20,6:43:49,6
HC1,SYLAUD,12/30/20,6:43:52,6
HC1,SYLAUD,12/31/20,0:26:39,0
HC1,SYLAUD,12/31/20,0:26:42,0
HC1,SYLAUD,12/31/20,0:26:45,0
HC1,SYLAUD,12/31/20,0:27:23,0
HC1,SYLAUD,12/31/20,2:54:37,2
HC1,SYLAUD,12/31/20,2:54:40,2
HC1,SYLAUD,12/31/20,2:58:08,2
HC1,SYLAUD,12/31/20,2:58:11,2
HC1,SYLAUD,12/31/20,2:58:14,2
HC1,SYLAUD,12/31/20,3:20:16,3
HC1,SYLAUD,12/31/20,3:20:19,3
HC1,SYLAUD,12/31/20,4:00:29,4
HC1,SYLAUD,12/31/20,4:00:32,4
HC1,SYLAUD,12/31/20,4:00:35,4
HC1,SYLAUD,12/31/20,6:41:34,6
HC1,SYLAUD,12/31/20,6:41:37,6
HC1,SYLAUD,12/31/20,6:41:40,6
HC1,CANLAT,12/31/20,15:04:38,15
HC1,SYLAUD,12/31/20,17:38:04,17
HC1,SYLAUD,12/31/20,17:38:07,17
HC1,SYLAUD,12/31/20,17:40:03,17
HC1,SYLAUD,12/31/20,17:40:06,17
HC1,SYLAUD,12/31/20,17:40:09,17
HC1,CANLAT,12/31/20,18:20:40,18
HC1,CANLAT,12/31/20,21:42:22,21
HC1,SYLAUD,1/1/21,2:34:00,2
HC1,SYLAUD,1/1/21,2:34:03,2
HC1,SYLAUD,1/1/21,2:34:06,2
HC1,SYLAUD,1/1/21,2:34:14,2
HC1,SYLAUD,1/1/21,2:40:17,2
HC1,SYLAUD,1/1/21,2:40:20,2
HC1,SYLAUD,1/1/21,5:18:45,5
HC1,SYLAUD,1/1/21,5:18:48,5
HC1,SYLAUD,1/1/21,5:18:51,5
HC1,SYLAUD,1/1/21,6:09:10,6
HC1,SYLAUD,1/1/21,6:09:13,6
HC1,SYLAUD,1/1/21,17:30:52,17
HC1,SYLAUD,1/1/21,17:30:55,17
HC1,SYLAUD,1/1/21,17:30:58,17
HC1,SYLAUD,1/1/21,17:33:51,17
HC1,SYLAUD,1/1/21,17:33:54,17
HC1,SYLAUD,1/1/21,17:33:57,17
HC1,SYLAUD,1/2/21,6:32:43,6
HC1,SYLAUD,1/2/21,6:32:46,6
HC1,SYLAUD,1/2/21,6:32:49,6
HC1,SYLAUD,2/4/21,18:52:52,18
HC1,SYLAUD,2/4/21,19:16:09,19
HC1,SYLAUD,2/4/21,19:16:23,19
HC1,MIMPOL,2/5/21,12:11:33,12
HC1,SYLAUD,2/5/21,18:02:33,18
HC1,SYLAUD,2/5/21,18:26:14,18
HC1,CANLAT,2/6/21,4:55:45,4
HC1,MIMPOL,2/6/21,10:32:55,10
HC1,SYLAUD,2/6/21,19:06:51,19
HC1,SYLAUD,2/6/21,19:08:47,19
HC1,SYLAUD,2/8/21,1:53:14,1
HC1,MELMEL,2/8/21,10:44:52,10
HC1,SYLAUD,2/9/21,2:39:56,2
HC1,SYLAUD,2/9/21,3:08:39,3
HC1,SYLAUD,2/9/21,4:29:51,4
HC1,SYLAUD,2/9/21,4:30:10,4
HC1,SYLAUD,2/9/21,5:37:41,5
HC1,SYLAUD,2/9/21,6:08:00,6
HC1,SYLAUD,2/9/21,6:14:58,6
HC1,SYLAUD,2/9/21,16:39:17,16
HC1,SYLAUD,2/9/21,17:26:00,17
HC1,SYLAUD,2/9/21,17:59:53,17
HC1,SYLAUD,2/9/21,18:02:42,18
HC1,SYLAUD,2/9/21,20:32:30,20
HC1,SYLAUD,2/9/21,3:02:37,3
HC1,CANLAT,2/10/21,6:42:51,6
HC1,CANLAT,2/10/21,6:45:54,6
HC1,CANLAT,2/10/21,6:47:44,6
HC1,CANLAT,2/10/21,6:54:11,6
HC1,CANLAT,2/10/21,6:54:46,6
HC1,CANLAT,2/10/21,6:55:30,6
HC1,CANLAT,2/10/21,7:04:00,7
HC1,CANLAT,2/10/21,7:04:11,7
HC1,CANLAT,2/10/21,7:28:37,7
HC1,CANLAT,2/10/21,7:29:10,7
HC1,CANLAT,2/10/21,7:33:29,7
HC1,CANLAT,2/10/21,7:43:11,7
HC1,CANLAT,2/10/21,9:50:22,9
HC1,CANLAT,2/10/21,9:56:23,9
HC1,CANLAT,2/10/21,9:56:33,9
HC1,CANLAT,2/10/21,11:56:07,11
HC1,LEPCAL,2/11/21,17:36:45,17
HC1,CANLAT,2/11/21,21:38:24,21
HC1,SYLAUD,2/12/21,3:15:19,3
HC1,CANLAT,2/12/21,17:38:20,17
HC1,CANLAT,2/12/21,17:55:32,17
HC1,CANLAT,2/13/21,0:22:42,0
HC1,SYLAUD,2/14/21,2:53:15,2
HC1,SYLAUD,2/14/21,18:32:25,18
HC1,SYLAUD,2/14/21,19:21:59,19
HC1,SYLAUD,2/14/21,19:44:23,19
HC1,SYLAUD,2/14/21,20:52:56,20
HC1,SYLAUD,2/14/21,20:59:59,20
HC1,CANLAT,2/15/21,0:55:54,0
HC1,CANLAT,2/15/21,0:56:04,0
HC1,SYLAUD,2/15/21,5:29:11,5
HC1,SYLAUD,2/15/21,17:53:43,17
HC1,SYLAUD,2/16/21,18:02:54,18
HC1,SYLAUD,2/16/21,18:04:06,18
HC1,SYLAUD,2/16/21,18:04:15,18
HC1,SYLAUD,2/16/21,18:04:42,18
HC1,SYLAUD,2/16/21,18:05:07,18
HC1,SYLAUD,2/16/21,18:07:56,18
HC1,SYLAUD,2/16/21,18:09:06,18
HC1,SYLAUD,2/16/21,18:09:29,18
HC1,SYLAUD,2/16/21,18:30:32,18
HC1,SYLAUD,2/16/21,20:02:08,20
HC1,SYLAUD,2/16/21,20:32:03,20
HC1,SYLAUD,2/16/21,22:18:59,22
HC1,SYLAUD,2/16/21,22:19:23,22
HC1,SYLAUD,2/16/21,22:44:17,22
HC1,SYLAUD,2/16/21,23:20:30,23
HC1,LARCAL,2/17/21,13:14:04,13
HC1,SYLAUD,2/17/21,18:30:50,18
HC1,SYLAUD,2/17/21,18:34:48,18
HC1,SYLAUD,2/17/21,20:27:34,20
HC1,SYLAUD,2/17/21,20:29:44,20
HC1,SYLAUD,2/17/21,21:21:34,21
HC1,SYLAUD,2/18/21,6:18:04,6
HC1,CANLAT,2/18/21,13:45:55,13
HC1,SYLAUD,2/18/21,17:22:31,17
HC1,SYLAUD,2/18/21,17:31:26,17
HC1,SYLAUD,2/18/21,18:03:59,18
HC1,SYLAUD,2/18/21,18:17:59,18
HC1,SYLAUD,2/18/21,18:18:03,18
HC1,SYLAUD,2/18/21,21:18:11,21
HC1,SYLAUD,2/18/21,21:18:21,21
HC1,SYLAUD,2/19/21,17:21:03,17
HC1,SYLAUD,2/19/21,17:23:03,17
HC1,SYLAUD,2/19/21,17:23:54,17
HC1,SYLAUD,2/19/21,18:08:59,18
HC1,SYLAUD,2/20/21,3:03:59,3
HC1,SYLAUD,2/20/21,17:32:50,17
HC1,SYLAUD,2/20/21,18:50:12,18
HC1,SYLAUD,2/20/21,19:41:21,19
HC1,SYLAUD,2/20/21,19:56:50,19
HC1,SYLAUD,2/20/21,19:59:24,19
HC1,SYLAUD,2/20/21,20:04:51,20
HC1,SYLAUD,2/20/21,20:05:10,20
HC1,SYLAUD,2/20/21,21:56:56,21
HC1,SYLAUD,2/20/21,22:00:08,22
HC1,SYLAUD,2/20/21,22:11:28,22
HC1,SYLAUD,2/20/21,22:41:49,22
HC1,SYLAUD,2/21/21,6:49:27,6
HC1,SYLAUD,2/21/21,7:22:04,7
HC1,SYLAUD,2/21/21,14:00:05,14
HC1,SYLAUD,2/21/21,17:40:38,17
HC1,SYLAUD,2/21/21,17:42:17,17
HC1,SYLAUD,2/21/21,18:27:07,18
HC1,SYLAUD,2/21/21,18:40:12,18
HC1,SYLAUD,2/21/21,19:55:41,19
HC1,SYLAUD,2/22/21,5:28:20,5
HC1,CANLAT,2/22/21,6:41:41,6
HC1,CANLAT,2/22/21,6:41:57,6
HC1,SYLAUD,2/22/21,10:16:57,10
HC1,SYLAUD,2/22/21,17:33:21,17
HC1,SYLAUD,2/22/21,18:24:10,18
HC1,SYLAUD,2/22/21,18:24:30,18
HC1,SYLAUD,2/22/21,18:25:40,18
HC1,SYLAUD,2/22/21,18:35:56,18
HC1,SYLAUD,2/22/21,18:46:20,18
HC1,SYLAUD,2/22/21,18:48:01,18
HC1,SYLAUD,2/22/21,18:50:40,18
HC1,SYLAUD,2/23/21,2:31:59,2
HC1,SYLAUD,2/23/21,2:32:03,2
HC1,SYLAUD,2/23/21,2:49:13,2
HC1,CANLAT,2/23/21,9:15:44,9
HC1,CANLAT,2/23/21,9:15:54,9
HC1,SYLAUD,2/23/21,17:43:24,17
HC1,SYLAUD,2/23/21,17:45:16,17
HC1,SYLAUD,2/23/21,17:51:40,17
HC1,CANLAT,2/23/21,18:21:34,18
HC1,CANLAT,2/23/21,18:23:07,18
HC1,CANLAT,2/23/21,18:26:19,18
HC1,SYLAUD,2/24/21,15:44:14,15
HC1,SYLAUD,2/24/21,16:08:00,16
HC1,SYLAUD,2/24/21,16:09:28,16
HC1,SYLAUD,2/24/21,17:17:58,17
HC1,SYLAUD,2/24/21,17:39:32,17
HC1,SYLAUD,2/24/21,18:21:11,18
HC1,SYLAUD,2/24/21,18:25:15,18
HC1,SYLAUD,2/24/21,18:37:31,18
HC1,SYLAUD,2/24/21,18:41:12,18
HC1,SYLAUD,2/24/21,18:41:34,18
HC1,SYLAUD,2/24/21,18:47:04,18
HC1,SYLAUD,2/24/21,18:47:47,18
HC1,SYLAUD,2/24/21,18:49:17,18
HC1,SYLAUD,2/24/21,19:00:12,19
HC1,SYLAUD,2/24/21,19:00:34,19
HC1,SYLAUD,2/24/21,19:00:55,19
HC1,SYLAUD,2/24/21,19:04:39,19
HC1,SYLAUD,2/24/21,19:35:17,19
HC1,SYLAUD,2/25/21,11:03:44,11
HC1,SYLAUD,2/25/21,11:07:06,11
HC1,SYLAUD,1/2/21,17:48:09,17
HC1,SYLAUD,1/2/21,17:48:12,17
HC1,SYLAUD,1/2/21,17:48:15,17
HC1,SYLAUD,1/4/21,17:34:13,17
HC1,SYLAUD,1/4/21,17:34:16,17
HC1,SYLAUD,1/4/21,17:34:19,17
HC1,SYLAUD,1/4/21,17:36:05,17
HC1,SYLAUD,1/4/21,17:36:08,17
HC1,SYLAUD,1/4/21,17:36:11,17
HC1,SYLAUD,1/4/21,17:38:12,17
HC1,SYLAUD,1/4/21,17:38:15,17
HC1,SYLAUD,1/5/21,0:36:04,0
HC1,SYLAUD,1/5/21,0:36:07,0
HC1,SYLAUD,1/5/21,0:36:10,0
HC1,SYLAUD,1/5/21,1:19:49,1
HC1,SYLAUD,1/5/21,4:35:07,4
HC1,SYLAUD,1/5/21,4:35:10,4
HC1,SYLAUD,1/5/21,4:35:13,4
HC1,SYLAUD,1/5/21,6:17:26,6
HC1,SYLAUD,1/5/21,6:17:29,6
HC1,SYLAUD,1/5/21,6:17:32,6
HC1,SYLAUD,1/5/21,17:29:42,17
HC1,SYLAUD,1/5/21,17:31:56,17
HC1,SYLAUD,1/5/21,17:31:59,17
HC1,SYLAUD,1/5/21,17:32:02,17
HC1,SYLAUD,1/5/21,17:33:13,17
HC1,SYLAUD,1/5/21,17:33:16,17
HC1,SYLAUD,1/5/21,17:33:19,17
HC1,SYLAUD,1/5/21,17:44:17,17
HC1,SYLAUD,1/5/21,17:44:20,17
HC1,SYLAUD,1/5/21,18:14:50,18
HC1,SYLAUD,1/5/21,18:14:53,18
HC1,SYLAUD,1/5/21,19:52:28,19
HC1,SYLAUD,1/5/21,19:54:57,19
HC1,SYLAUD,1/5/21,19:55:00,19
HC1,SYLAUD,1/5/21,19:55:03,19
HC1,SYLAUD,1/5/21,20:07:08,20
HC1,SYLAUD,1/5/21,20:07:11,20
HC1,SYLAUD,1/8/21,17:37:30,17
HC1,SYLAUD,1/8/21,17:37:33,17
HC1,SYLAUD,1/8/21,23:04:13,23
HC1,SYLAUD,1/8/21,23:04:16,23
HC1,CANLAT,1/9/21,6:32:52,6
HC1,CANLAT,1/9/22,18:21:55,18
HC1,SYLAUD,1/9/21,19:44:49,19
HC1,SYLAUD,1/9/21,19:44:52,19
HC1,SYLAUD,1/9/21,19:53:08,19
HC1,CANLAT,1/9/21,22:01:05,22
HC1,SYLAUD,1/10/21,3:34:15,3
HC1,SYLAUD,1/10/21,4:28:12,4
HC1,SYLAUD,1/10/21,4:28:15,4
HC1,SYLAUD,1/10/21,5:04:25,5
HC1,SYLAUD,1/10/21,5:04:28,5
HC1,SYLAUD,1/10/21,6:02:40,6
HC1,SYLAUD,1/10/21,6:02:43,6
HC1,SYLAUD,1/10/21,6:21:57,6
HC1,SYLAUD,1/10/21,6:22:00,6
HC1,SYLAUD,1/10/21,6:27:38,6
HC1,SYLAUD,1/10/21,6:39:40,6
HC1,SYLAUD,1/10/21,7:59:30,7
HC1,SYLAUD,1/10/21,7:59:33,7
HC1,CANLAT,1/10/21,8:48:51,8
HC1,CANLAT,1/10/21,8:48:54,8
HC1,CANLAT,1/10/21,8:48:57,8
HC1,CANLAT,1/10/21,8:49:26,8
HC1,CANLAT,1/10/21,8:49:29,8
HC1,CANLAT,1/10/21,8:49:32,8
HC1,CANLAT,1/10/21,15:52:18,15
HC1,CANLAT,1/10/21,15:53:02,15
HC1,CANLAT,1/10/21,15:53:05,15
HC1,SYLAUD,1/10/21,18:06:38,18
HC1,SYLAUD,1/10/21,18:13:11,18
HC1,SYLAUD,1/10/21,18:13:14,18
HC1,SYLAUD,1/10/21,18:13:17,18
HC1,SYLAUD,1/10/21,22:14:59,22
HC1,SYLAUD,1/10/21,22:15:02,22
HC1,SYLAUD,1/11/21,1:50:49,1
HC1,SYLAUD,1/11/21,1:50:52,1
HC1,SYLAUD,1/11/21,1:50:55,1
HC1,SYLAUD,1/11/21,4:40:30,4
HC1,SYLAUD,1/11/21,6:01:39,6
HC1,SYLAUD,1/11/21,6:01:42,6
HC1,SYLAUD,1/11/21,6:01:45,6
HC1,SYLAUD,1/11/21,6:31:48,6
HC1,SYLAUD,1/11/21,6:31:51,6
HC1,SYLAUD,1/11/21,6:31:54,6
HC1,SYLAUD,1/11/21,7:37:49,7
HC1,SYLAUD,1/11/21,7:37:52,7
HC1,SYLAUD,1/11/21,7:37:55,7
HC1,CANLAT,1/11/21,14:50:07,14
HC1,CANLAT,1/11/21,14:50:10,14
HC1,CANLAT,1/11/21,14:50:13,14
HC1,CANLAT,1/11/21,14:50:57,14
HC1,CANLAT,1/11/21,14:51:00,14
HC1,CANLAT,1/11/21,14:51:03,14
HC1,CANLAT,1/11/21,15:27:14,15
HC1,CANLAT,1/11/21,15:27:17,15
HC1,CANLAT,1/11/21,15:27:20,15
HC1,CANLAT,1/11/21,15:29:36,15
HC1,CANLAT,1/11/21,15:29:39,15
HC1,CANLAT,1/11/21,15:29:42,15
HC1,CANLAT,1/11/21,15:31:17,15
HC1,SYLAUD,1/12/21,5:50:44,5
HC1,SYLAUD,1/12/21,5:50:47,5
HC1,SYLAUD,1/12/21,5:50:50,5
HC1,SYLAUD,1/12/21,6:16:33,6
HC1,SYLAUD,1/12/21,6:38:31,6
HC1,SYLAUD,1/12/21,6:38:34,6
HC1,SYLAUD,1/12/21,6:38:37,6
HC1,CANLAT,1/12/21,12:50:03,12
HC1,CANLAT,1/12/21,12:50:06,12
HC1,CANLAT,1/12/21,12:51:23,12
HC1,CANLAT,1/12/21,12:51:26,12
HC1,CANLAT,1/12/21,12:51:29,12
HC1,CANLAT,1/12/21,13:01:53,13
HC1,CANLAT,1/12/21,13:01:56,13
HC1,CANLAT,1/12/21,13:01:59,13
HC1,CANLAT,1/12/21,13:02:36,13
HC1,CANLAT,1/12/21,13:02:39,13
HC1,CANLAT,1/12/21,13:02:42,13
HC1,CANLAT,1/12/21,13:04:59,13
HC1,CANLAT,1/12/21,13:05:02,13
HC1,CANLAT,1/12/21,13:05:05,13
HC1,CANLAT,1/12/21,13:18:38,13
HC1,CANLAT,1/12/21,13:59:28,13
HC1,CANLAT,1/12/21,16:00:57,16
HC1,SYLAUD,1/12/21,20:55:34,20
HC1,SYLAUD,1/12/21,20:55:40,20
HC1,SYLAUD,1/13/21,5:23:11,5
HC1,SYLAUD,1/13/21,5:23:14,5
HC1,SYLAUD,1/13/21,5:23:17,5
HC1,SYLAUD,1/13/21,5:23:57,5
HC1,SYLAUD,1/13/21,5:24:00,5
HC1,SYLAUD,1/13/21,5:24:03,5
HC1,SYLAUD,1/13/21,6:47:09,6
HC1,SYLAUD,1/13/21,6:47:12,6
HC1,SYLAUD,1/13/21,6:47:15,6
HC1,SYLAUD,1/14/21,4:40:42,4
HC1,SYLAUD,1/14/21,4:40:45,4
HC1,CANLAT,1/14/21,9:48:50,9
HC1,CANLAT,1/14/21,9:49:52,9
HC1,CANLAT,1/15/21,2:57:23,2
HC1,CANLAT,1/15/21,2:57:26,2
HC1,CANLAT,1/15/21,2:57:29,2
HC1,CANLAT,1/15/21,3:05:28,3
HC1,CANLAT,1/15/21,3:03:31,3
HC1,SYLAUD,1/15/21,6:06:54,6
HC1,SYLAUD,1/15/21,6:06:57,6
HC1,SYLAUD,1/15/21,6:07:00,6
HC1,SYLAUD,1/15/21,6:36:34,6
HC1,SYLAUD,1/15/21,6:36:37,6
HC1,SYLAUD,1/15/21,6:36:40,6
HC1,CANLAT,1/15/21,7:34:45,7
HC1,CANLAT,1/15/21,7:39:56,7
HC1,CANLAT,1/15/21,7:39:59,7
HC1,CANLAT,1/15/21,7:40:02,7
HC1,CANLAT,1/15/21,7:58:05,7
HC1,CANLAT,1/15/21,7:58:08,7
HC1,CANLAT,1/15/21,8:02:44,8
HC1,CANLAT,1/15/21,8:02:47,8
HC1,CANLAT,1/15/21,13:27:30,13
HC1,CANLAT,1/15/21,13:27:33,13
HC1,CANLAT,1/15/21,17:50:02,17
HC1,CANLAT,1/15/21,17:52:14,17
HC1,CANLAT,1/15/21,17:51:17,17
HC1,CANLAT,1/15/21,17:52:20,17
HC1,SYLAUD,1/15/21,21:52:05,21
HC1,SYLAUD,1/16/21,4:45:46,4
HC1,SYLAUD,1/16/21,4:45:39,4
HC1,CANLAT,1/21/21,9:04:54,9
HC1,CANLAT,1/21/21,9:04:57,9
HC1,CANLAT,1/21/21,10:48:15,10
HC1,SYLAUD,1/16/21,20:28:01,20
HC1,SYLAUD,1/16/21,20:28:04,20
HC1,SYLAUD,1/16/21,20:28:07,20
HC1,SYLAUD,1/16/21,22:05:55,22
HC1,SYLAUD,1/17/21,5:23:58,5
HC1,SYLAUD,1/17/21,5:24:01,5
HC1,SYLAUD,1/17/21,5:56:26,5
HC1,SYLAUD,1/17/21,5:56:29,5
HC1,SYLAUD,1/17/21,21:18:06,21
HC1,SYLAUD,1/17/21,21:18:39,21
HC1,SYLAUD,1/18/21,6:00:35,6
HC1,SYLAUD,1/18/21,6:00:38,6
HC1,SYLAUD,1/18/21,6:00:41,6
HC1,SYLAUD,1/18/21,6:02:02,6
HC1,SYLAUD,1/18/21,6:02:16,6
HC1,SYLAUD,1/18/21,6:02:19,6
HC1,SYLAUD,1/18/21,6:03:25,6
HC1,SYLAUD,1/18/21,6:03:28,6
HC1,SYLAUD,1/18/21,6:03:31,6
HC1,SYLAUD,1/18/21,6:23:31,6
HC1,SYLAUD,1/18/21,6:23:34,6
HC1,SYLAUD,1/18/21,6:23:37,6
HC1,SYLAUD,1/18/21,17:47:14,17
HC1,CANLAT,1/19/21,13:40:27,13
HC1,CANLAT,1/19/21,13:40:30,13
HC1,CANLAT,1/19/21,13:40:33,13
HC1,CANLAT,1/19/21,13:42:55,13
HC1,CANLAT,1/19/21,13:42:58,13
HC1,CANLAT,1/19/21,13:43:01,13
HC1,CANLAT,1/19/21,13:43:20,13
HC1,CANLAT,1/19/21,13:43:23,13
HC1,CANLAT,1/19/21,13:43:26,13
HC1,SYLAUD,1/20/21,0:11:33,0
HC1,SYLAUD,1/20/21,0:11:36,0
HC1,SYLAUD,1/20/21,0:11:39,0
HC1,SYLAUD,1/20/21,6:27:35,6
HC1,SYLAUD,1/20/21,6:27:38,6
HC1,SYLAUD,1/20/21,6:27:41,6
HC1,SYLAUD,1/20/21,6:30:10,6
HC1,SYLAUD,1/20/21,6:30:13,6
HC1,SYLAUD,1/20/21,6:30:16,6
HC1,CANLAT,1/20/21,9:19:20,9
HC1,CANLAT,1/20/21,9:35:06,9
HC1,CANLAT,1/20/21,9:35:09,9
HC1,CANLAT,1/20/21,9:36:24,9
HC1,CANLAT,1/20/21,9:36:28,9
HC1,CANLAT,1/20/21,9:36:31,9
HC1,CANLAT,1/20/21,9:42:32,9
HC1,CANLAT,1/20/21,9:42:35,9
HC1,CANLAT,1/20/21,9:42:38,9
HC1,SYLAUD,1/21/21,2:50:32,2
HC1,SYLAUD,1/21/21,2:50:35,2
HC1,SYLAUD,1/21/21,2:50:38,2
HC1,SYLAUD,1/21/21,4:33:12,4
HC1,SYLAUD,1/21/21,4:33:15,4
HC1,SYLAUD,1/21/21,4:33:18,4
HC1,SYLAUD,1/21/21,4:33:58,4
HC1,CANLAT,Jan28-2021,19:02:21,19
HC1,CANLAT,Jan28-2021,19:02:31,19
HC1,SYLAUD,Jan29-2021,17:13:58,17
HC1,SYLAUD,Jan29-2021,17:14:25,17
HC1,SYLAUD,Jan29-2021,17:14:55,17
HC1,CANLAT,Jan30-2021,11:15:23,11
HC1,CANLAT,Jan30-2021,11:16:05,11
HC1,CANLAT,Jan30-2021,12:47:31,12
HC1,CANLAT,Jan30-2021,14:48:31,14
HC1,SYLAUD,Feb01-2021,6:40:37,6
HC1,CANLAT,Feb01-2021,7:10:15,7
HC1,CANLAT,Feb01-2021,9:07:40,9
HC1,SYLAUD,Feb01-2021,17:25:51,17
HC1,SYLAUD,Feb02-2021,17:33:19,17
HC1,CANLAT,Feb02-2021,20:10:23,20
HC1,CANLAT,Feb02-2021,21:07:48,21
HC1,CANLAT,Feb02-2021,21:08:46,21
HC1,CANLAT,Feb03-2021,12:03:30,12
HC1,CANLAT,Feb03-2021,12:03:40,12
HC1,CANLAT,Feb03-2021,13:38:02,13
HC1,CANLAT,Feb03-2021,13:38:12,13
HC1,CANLAT,Feb03-2021,15:39:55,15
HC1,CANLAT,Feb03-2021,20:31:12,20
HC1,CANLAT,Feb03-2021,20:44:32,20
HC1,CANLAT,Feb03-2021,20:47:10,20
HC1,CANLAT,Feb04-2021,9:19:31,9
HC1,SYLAUD,3/18/21,18:21:43,18
HC1,SYLAUD,3/18/21,18:36:39,18
HC1,SYLAUD,3/18/21,18:37:07,18
HC1,SYLAUD,3/18/21,18:37:53,18
HC1,SYLAUD,3/18/21,22:44:06,22
HC1,SYLAUD,3/18/21,22:55:37,22
HC1,SYLAUD,3/18/21,22:56:34,22
HC1,SYLAUD,3/19/21,13:43:30,13
HC1,SYLAUD,3/19/21,18:14:37,18
HC1,SYLAUD,3/19/21,18:17:11,18
HC1,SYLAUD,3/19/21,18:17:42,18
HC1,SYLAUD,3/19/21,19:39:00,19
HC1,SYLAUD,3/19/21,20:35:12,20
HC1,SYLAUD,3/19/21,21:07:25,21
HC1,SYLAUD,3/19/21,21:07:35,21
HC1,SYLAUD,3/19/21,21:08:48,21
HC1,SYLAUD,3/19/21,21:11:06,21
HC1,SYLAUD,3/19/21,21:25:33,21
HC1,SYLAUD,3/19/21,22:22:21,22
HC1,SYLAUD,3/19/21,22:41:31,22
HC1,SYLAUD,3/20/21,1:18:11,1
HC1,SYLAUD,3/20/21,1:24:40,1
HC1,SYLAUD,3/20/21,1:25:02,1
HC1,SYLAUD,3/20/21,5:36:42,5
HC1,SYLAUD,3/20/21,5:41:26,5
HC1,SYLAUD,3/20/21,5:44:23,5
HC1,SYLAUD,3/20/21,5:46:21,5
HC1,SYLAUD,3/20/21,15:10:48,15
HC1,SYLAUD,3/20/21,18:34:15,18
HC1,SYLAUD,3/20/21,19:25:50,19
HC1,SYLAUD,3/20/21,20:29:21,20
HC1,SYLAUD,3/20/21,20:47:06,20
HC1,SYLAUD,3/20/21,21:43:45,21
HC1,SYLAUD,3/20/21,22:17:10,22
HC1,SYLAUD,3/21/21,16:47:34,16
HC1,SYLAUD,3/21/21,17:08:23,17
HC1,SYLAUD,3/21/21,17:23:57,17
HC1,SYLAUD,3/21/21,18:36:51,18
HC1,SYLAUD,3/21/21,18:43:14,18
HC1,SYLAUD,3/21/21,18:44:58,18
HC1,SYLAUD,3/21/21,19:03:20,19
HC1,SYLAUD,3/21/21,20:42:50,20
HC1,SYLAUD,3/21/21,20:44:06,20
HC1,SYLAUD,3/21/21,21:46:34,21
HC1,SYLAUD,3/21/21,22:01:37,22
HC1,SYLAUD,3/21/21,23:14:35,23
HC1,SYLAUD,3/21/21,23:27:54,23
HC1,SYLAUD,3/22/21,1:20:41,1
HC1,SYLAUD,3/22/21,1:25:44,1
HC1,SYLAUD,3/22/21,1:25:56,1
HC1,SYLAUD,3/22/21,18:22:21,18
HC1,SYLAUD,3/22/21,18:23:15,18
HC1,SYLAUD,3/22/21,18:39:39,18
HC1,SYLAUD,3/22/21,19:00:31,19
HC1,SYLAUD,3/22/21,19:04:43,19
HC1,SYLAUD,3/22/21,20:08:00,20
HC1,SYLAUD,3/22/21,20:18:06,20
HC1,SYLAUD,3/22/21,20:20:44,20
HC1,SYLAUD,3/22/21,20:31:22,20
HC1,SYLAUD,3/22/21,23:52:44,23
HC1,SYLAUD,3/23/21,0:24:30,0
HC1,SYLAUD,3/23/21,0:50:40,0
HC1,SYLAUD,3/23/21,1:01:33,1
HC1,SYLAUD,3/23/21,1:15:27,1
HC1,SYLAUD,3/23/21,1:16:39,1
HC1,SYLAUD,3/23/21,1:18:37,1
HC1,SYLAUD,3/23/21,1:18:46,1
HC1,SYLAUD,3/23/21,1:22:10,1
HC1,SYLAUD,3/23/21,1:22:49,1
HC1,SYLAUD,3/23/21,1:38:21,1
HC1,SYLAUD,3/23/21,1:45:25,1
HC1,SYLAUD,3/23/21,1:45:38,1
HC1,SYLAUD,3/23/21,1:45:53,1
HC1,SYLAUD,3/23/21,1:46:09,1
HC1,SYLAUD,3/23/21,1:46:23,1
HC1,SYLAUD,3/23/21,1:47:39,1
HC1,SYLAUD,3/23/21,1:50:04,1
HC1,SYLAUD,3/23/21,1:50:25,1
HC1,SYLAUD,3/23/21,1:51:53,1
HC1,SYLAUD,3/23/21,1:52:15,1
HC1,SYLAUD,3/23/21,1:52:35,1
HC1,SYLAUD,3/23/21,1:58:18,1
HC1,SYLAUD,3/23/21,1:58:45,1
HC1,SYLAUD,3/23/21,1:59:21,1
HC1,SYLAUD,3/23/21,2:06:45,2
HC1,SYLAUD,3/23/21,2:28:33,2
HC1,SYLAUD,3/23/21,2:56:11,2
HC1,CANLAT,3/23/21,3:41:35,3
HC1,CANLAT,3/23/21,3:41:45,3
HC1,SYLAUD,3/23/21,3:45:54,3
HC1,SYLAUD,3/23/21,3:57:37,3
HC1,SYLAUD,3/23/21,4:52:23,4
HC1,SYLAUD,3/23/21,5:00:33,5
HC1,SYLAUD,3/23/21,6:49:30,6
HC1,SYLAUD,3/23/21,6:52:34,6
HC1,SYLAUD,3/23/21,6:59:14,6
HC1,SYLAUD,3/23/21,6:59:47,6
HC1,SYLAUD,3/23/21,7:00:00,7
HC1,SYLAUD,3/23/21,7:00:16,7
HC1,SYLAUD,3/23/21,7:42:10,7
HC1,SYLAUD,3/23/21,7:47:03,7
HC1,SYLAUD,3/23/21,8:17:37,8
HC1,SYLAUD,3/23/21,8:35:17,8
HC1,SYLAUD,3/23/21,15:33:25,15
HC1,SYLAUD,3/23/21,16:42:23,16
HC1,SYLAUD,3/23/21,16:43:00,16
HC1,SYLAUD,3/23/21,16:46:15,16
HC1,SYLAUD,3/23/21,17:01:21,17
HC1,SYLAUD,3/23/21,18:05:49,18
HC1,SYLAUD,3/23/21,19:08:07,19
HC1,SYLAUD,3/23/21,19:15:16,19
HC1,CANLAT,3/23/21,21:34:55,21
HC1,CANLAT,3/23/21,21:35:16,21
HC1,CANLAT,3/23/21,21:35:26,21
HC1,CANLAT,3/23/21,21:35:49,21
HC1,CANLAT,3/23/21,21:36:18,21
HC1,CANLAT,3/23/21,21:36:37,21
HC1,CANLAT,3/23/21,21:36:53,21
HC1,CANLAT,3/23/21,21:37:04,21
HC1,CANLAT,3/23/21,21:37:20,21
HC1,CANLAT,3/23/21,21:37:29,21
HC1,CANLAT,3/23/21,21:37:56,21
HC1,CANLAT,3/23/21,21:38:34,21
HC1,CANLAT,3/23/21,21:39:27,21
HC1,CANLAT,3/23/21,21:39:40,21
HC1,CANLAT,3/23/21,21:40:09,21
HC1,CANLAT,3/23/21,21:40:34,21
HC1,CANLAT,3/23/21,21:40:44,21
HC1,CANLAT,3/23/21,21:40:53,21
HC1,CANLAT,3/23/21,21:41:09,21
HC1,CANLAT,3/23/21,21:41:19,21
HC1,CANLAT,3/23/21,21:41:33,21
HC1,CANLAT,3/23/21,21:41:54,21
HC1,CANLAT,3/23/21,21:42:08,21
HC1,CANLAT,3/23/21,21:42:34,21
HC1,CANLAT,3/23/21,21:42:46,21
HC1,CANLAT,3/23/21,21:43:14,21
HC1,CANLAT,3/23/21,21:43:25,21
HC1,CANLAT,3/23/21,21:43:34,21
HC1,CANLAT,3/23/21,21:43:44,21
HC1,CANLAT,3/23/21,21:44:04,21
HC1,CANLAT,3/24/21,0:41:52,0
HC1,CANLAT,3/24/21,0:42:02,0
HC1,CANLAT,3/24/21,0:42:13,0
HC1,CANLAT,3/24/21,0:42:22,0
HC1,CANLAT,3/24/21,0:42:33,0
HC1,CANLAT,3/24/21,0:42:46,0
HC1,CANLAT,3/24/21,0:42:56,0
HC1,CANLAT,3/24/21,0:43:06,0
HC1,CANLAT,3/24/21,0:43:16,0
HC1,CANLAT,3/24/21,0:43:25,0
HC1,CANLAT,3/24/21,0:43:35,0
HC1,CANLAT,3/24/21,0:48:34,0
HC1,SYLAUD,3/24/21,6:22:53,6
HC1,SYLAUD,3/24/21,20:56:27,20
HC1,SYLAUD,3/25/21,3:57:16,3
HC1,SYLAUD,3/25/21,7:32:52,7
HC1,SYLAUD,3/25/21,8:04:18,8
HC1,SYLAUD,3/25/21,8:16:51,8
HC2,SYLAUD,12/26/20,17:44:09,17
HC2,SYLAUD,12/26/20,17:44:33,17
HC2,SYLAUD,12/26/20,17:44:42,17
HC2,SYLAUD,12/26/20,17:44:54,17
HC2,SYLAUD,12/26/20,17:45:08,17
HC2,PASDOM,12/23/18,14:18:11,14
HC2,SYLAUD,12/26/20,17:45:21,17
HC2,SYLAUD,12/27/20,3:11:45,3
HC2,CANLAT,12/23/18,19:09:06,19
HC2,SYLAUD,12/17/20,3:13:04,3
HC2,SYLAUD,12/27/20,3:29:34,3
HC2,CANLAT,12/23/18,19:09:27,19
HC2,CANLAT,12/23/18,19:09:37,19
HC2,SYLAUD,12/27/20,4:36:58,4
HC2,CANLAT,12/22/18,16:08:59,16
HC2,CANLAT,12/23/18,19:09:48,19
HC2,CANLAT,12/23/18,19:28:23,19
HC2,SYLAUD,12/27/20,4:37:30,4
HC2,SYLAUD,12/22/18,19:22:35,19
HC2,CANLAT,12/23/18,19:28:34,19
HC2,SYLAUD,12/27/20,4:50:08,4
HC2,SYLAUD,12/27/20,4:50:23,4
HC2,RATNOR,12/24/18,2:15:24,2
HC2,SYLAUD,12/27/20,4:50:33,4
HC2,SYLAUD,12/23/18,0:46:46,0
HC2,CANLAT,12/24/18,5:07:12,5
HC2,SYLAUD,12/27/20,4:54:04,4
HC2,SYLAUD,12/23/18,0:46:56,0
HC2,SYLAUD,12/27/20,4:56:16,4
HC2,SYLAUD,12/24/18,10:30:01,10
HC2,SYLAUD,12/27/20,4:54:29,4
HC2,SYLAUD,12/23/18,1:37:04,1
HC2,SYLAUD,12/24/18,10:30:15,10
HC2,SYLAUD,12/27/20,4:55:32,4
HC2,SYLAUD,12/23/18,1:37:17,1
HC2,SYLAUD,12/24/18,10:30:27,10
HC2,SYLAUD,12/27/20,4:55:47,4
HC2,SYLAUD,12/23/18,1:37:36,1
HC2,SYLAUD,12/24/18,10:30:39,10
HC2,SYLAUD,12/27/20,4:56:00,4
HC2,SYLAUD,12/24/18,10:30:58,10
HC2,SYLAUD,12/27/20,4:56:10,4
HC2,SYLAUD,12/23/18,3:29:07,3
HC2,SYLAUD,12/24/18,10:31:21,10
HC2,SYLAUD,12/23/18,3:29:21,3
HC2,SYLAUD,12/23/18,3:29:32,3
HC2,SYLAUD,12/23/18,3:29:50,3
HC2,SYLAUD,12/27/20,4:57:05,4
HC2,SYLAUD,12/23/18,3:31:12,3
HC2,SYLAUD,12/24/18,17:22:11,17
HC2,SYLAUD,12/27/20,4:57:46,4
HC2,SYLAUD,12/23/18,4:04:38,4
HC2,SYLAUD,12/24/18,17:22:25,17
HC2,SYLAUD,12/24/18,17:22:35,17
HC2,SYLAUD,12/27/20,4:58:14,4
HC2,SYLAUD,12/27/20,5:01:47,5
HC2,CANLAT,12/24/18,17:59:09,17
HC2,SYLAUD,12/27/20,5:02:28,5
HC2,CANLAT,12/24/18,18:04:55,18
HC2,SYLAUD,12/27/20,5:02:43,5
HC2,SYLAUD,12/27/20,5:02:52,5
HC2,RATNOR,12/24/18,23:37:35,23
HC2,SYLAUD,12/27/20,5:03:09,5
HC2,RATNOR,12/24/18,23:57:08,23
HC2,SYLAUD,12/27/20,5:04:13,5
HC2,RATNOR,12/25/18,1:47:48,1
HC2,SYLAUD,12/27/20,5:04:22,5
HC2,RATNOR,12/25/18,3:12:53,3
HC2,SYLAUD,12/27/20,5:04:59,5
HC2,RATNOR,12/25/18,4:20:09,4
HC2,SYLAUD,12/27/20,5:05:21,5
HC2,SYLAUD,12/27/20,5:05:50,5
HC2,SYLAUD,12/27/20,5:06:03,5
HC2,SYLAUD,12/27/20,5:06:12,5
HC2,PASDOM,12/25/18,7:32:34,7
HC2,SYLAUD,12/27/20,5:06:25,5
HC2,SYLAUD,12/27/20,5:07:14,5
HC2,SYLAUD,12/27/20,5:07:28,5
HC2,SYLAUD,12/27/20,5:12:14,5
HC2,SYLAUD,12/27/20,19:31:06,19
HC2,SYLAUD,12/27/20,23:59:02,23
HC2,SYLAUD,12/27/20,23:59:17,23
HC2,RATNOR,12/25/18,17:34:56,17
HC2,RATNOR,12/28/20,2:06:09,2
HC2,SYLAUD,12/25/18,18:14:22,18
HC2,RATNOR,12/25/18,18:14:22,18
HC2,SYLAUD,12/25/18,19:13:57,19
HC2,RATNOR,12/25/18,19:13:57,19
HC2,RATNOR,12/26/18,5:14:44,5
HC2,PASDOM,12/26/18,7:49:01,7
HC2,SYLAUD,12/28/20,22:27:54,22
HC2,SYLAUD,12/26/18,8:21:13,8
HC2,SYLAUD,12/28/20,22:29:15,22
HC2,SYLAUD,12/28/20,22:29:25,22
HC2,RATNOR,12/28/20,23:30:52,23
HC2,RATNOR,12/29/20,3:36:02,3
HC2,RATNOR,12/29/20,3:42:00,3
HC2,CANLAT,12/29/20,8:32:00,8
HC2,CANLAT,12/29/20,8:35:00,8
HC2,CANLAT,12/29/20,8:35:00,8
HC2,CANLAT,12/29/20,8:35:00,8
HC2,SYLAUD,12/29/20,16:11:00,16
HC2,SYLAUD,12/29/20,16:12:00,16
HC2,SYLAUD,12/29/20,16:12:00,16
HC2,SYLAUD,12/29/20,16:12:00,16
HC2,SYLAUD,12/29/20,16:12:00,16
HC2,SYLAUD,12/29/20,16:13:00,16
HC2,SYLAUD,12/29/20,16:13:00,16
HC2,CANLAT,12/29/20,17:20:00,17
HC2,CANLAT,12/29/20,17:20:00,17
HC2,CANLAT,12/29/20,17:20:00,17
HC2,CANLAT,12/29/20,17:21:00,17
HC2,CANLAT,12/29/20,17:49:00,17
HC2,SYLAUD,12/29/20,19:49:00,19
HC2,RATNOR,12/29/20,21:45:00,21
HC2,RATNOR,12/29/20,21:41:00,21
HC2,RATNOR,12/29/20,21:41:00,21
HC2,RATNOR,12/29/20,21:41:00,21
HC2,RATNOR,12/29/20,21:41:00,21
HC2,RATNOR,12/29/20,23:23:00,23
HC2,RATNOR,12/29/20,0:21:00,0
HC2,RATNOR,12/29/20,0:21:00,0
HC2,RATNOR,12/29/20,0:33:00,0
HC2,RATNOR,12/29/20,8:07:00,8
HC2,ZONLEU,12/30/20,15:00:00,15
HC2,SYLAUD,12/30/20,16:46:00,16
HC2,SYLAUD,12/30/20,16:46:00,16
HC2,SYLAUD,12/30/20,16:47:00,16
HC2,SYLAUD,12/30/20,16:47:00,16
HC2,SYLAUD,12/30/20,16:47:00,16
HC2,SYLAUD,12/30/20,16:58:00,16
HC2,SYLAUD,12/30/20,16:58:00,16
HC2,SYLAUD,12/30/20,16:58:00,16
HC2,SYLAUD,12/30/20,19:28:00,19
HC2,SYLAUD,12/30/20,19:29:00,19
HC2,PROLOT,12/31/20,1:54:25,1
HC2,PROLOT,12/31/20,1:54:36,1
HC2,PROLOT,12/31/20,1:54:49,1
HC2,PROLOT,12/31/20,1:54:59,1
HC2,SYLAUD,12/31/20,7:54:32,7
HC2,CANLAT,12/31/20,9:43:35,9
HC2,CANLAT,12/31/20,11:14:47,11
HC2,SYLAUD,1/1/21,2:38:41,2
HC2,RATNOR,1/1/21,4:08:27,4
HC2,RATNOR,1/1/21,4:09:36,4
HC2,RATNOR,1/1/21,4:09:48,4
HC2,RATNOR,1/1/21,5:05:47,5
HC2,RATNOR,1/1/21,5:06:14,5
HC2,RATNOR,1/1/21,5:06:51,5
HC2,RATNOR,1/1/21,5:07:01,5
HC2,RATNOR,1/1/21,7:07:38,7
HC2,SYLAUD,1/1/21,5:27:32,5
HC2,SYLAUD,1/1/21,5:27:43,5
HC2,SYLAUD,1/1/21,5:27:53,5
HC2,SYLAUD,1/1/21,6:32:24,6
HC2,SYLAUD,1/1/21,6:10:07,6
HC2,SYLAUD,1/1/21,7:44:02,7
HC2,SYLAUD,1/1/21,8:44:20,8
HC2,RATNOR,1/2/21,12:24:35,12
HC2,RATNOR,1/2/21,12:25:28,12
HC2,RATNOR,1/2/21,12:36:12,12
HC2,SYLAUD,2/4/21,17:37:17,17
HC2,SYLAUD,2/4/21,17:37:26,17
HC2,SYLAUD,2/4/21,17:56:58,17
HC2,SYLAUD,2/4/21,18:09:18,18
HC2,SYLAUD,2/4/21,18:58:07,18
HC2,SYLAUD,2/4/21,19:20:50,19
HC2,SYLAUD,2/4/21,19:21:46,19
HC2,SYLAUD,2/4/21,20:14:47,20
HC2,RATNOR,2/4/21,20:39:00,20
HC2,RATNOR,2/4/21,21:15:16,21
HC2,SYLAUD,2/5/21,1:30:35,1
HC2,SYLAUD,2/5/21,1:30:54,1
HC2,SYLAUD,2/5/21,1:31:05,1
HC2,SYLAUD,2/5/21,1:31:17,1
HC2,SYLAUD,2/5/21,1:31:27,1
HC2,SYLAUD,2/5/21,17:51:56,17
HC2,SYLAUD,2/5/21,17:52:26,17
HC2,SYLAUD,2/5/21,17:52:41,17
HC2,SYLAUD,2/5/21,17:53:21,17
HC2,SYLAUD,2/5/21,17:53:41,17
HC2,SYLAUD,2/5/21,18:29:00,18
HC2,SYLAUD,2/5/21,19:38:09,19
HC2,CANLAT,2/5/21,4:59:10,4
HC2,CANLAT,2/6/21,4:59:20,4
HC2,SYLAUD,2/6/21,18:08:51,18
HC2,SYLAUD,2/6/21,18:09:42,18
HC2,SYLAUD,2/6/21,18:19:28,18
HC2,SYLAUD,2/6/21,19:04:47,19
HC2,SYLAUD,2/6/21,19:28:03,19
HC2,CANLAT,2/7/21,7:32:39,7
HC2,SYLAUD,2/7/21,19:40:08,19
HC2,SYLAUD,2/7/21,21:13:55,21
HC2,SYLAUD,2/8/21,2:34:35,2
HC2,SYLAUD,2/8/21,4:32:36,4
HC2,SYLAUD,2/8/21,17:14:56,17
HC2,SYLAUD,2/8/21,17:27:46,17
HC2,SYLAUD,2/8/21,17:27:56,17
HC2,SYLAUD,2/8/21,17:34:07,17
HC2,SYLAUD,2/8/21,17:35:11,17
HC2,SYLAUD,2/8/21,20:46:16,20
HC2,SYLAUD,2/9/21,3:15:08,3
HC2,SYLAUD,2/9/21,4:57:59,4
HC2,SYLAUD,2/9/21,5:41:43,5
HC2,SYLAUD,2/9/21,5:41:59,5
HC2,SYLAUD,2/9/21,5:42:11,5
HC2,CANLAT,2/9/21,16:42:41,16
HC2,SYLAUD,2/9/21,18:02:28,18
HC2,SYLAUD,2/9/21,20:09:46,20
HC2,CANLAT,2/10/21,6:30:15,6
HC2,CANLAT,2/10/21,6:30:33,6
HC2,CANLAT,2/10/21,6:33:52,6
HC2,CANLAT,2/10/21,6:42:17,6
HC2,SYLAUD,2/10/21,7:52:01,7
HC2,CANLAT,2/10/21,23:12:22,23
HC2,SYLAUD,2/11/21,18:17:06,18
HC2,SYLAUD,2/11/21,19:40:05,19
HC2,SYLAUD,2/11/21,19:42:58,19
HC2,SYLAUD,2/11/21,21:29:24,21
HC2,RATNOR,2/11/21,21:33:51,21
HC2,RATNOR,2/11/21,22:06:57,22
HC2,RATNOR,2/11/21,22:07:08,22
HC2,SYLAUD,2/11/21,22:09:19,22
HC2,SYLAUD,2/12/21,3:08:41,3
HC2,SYLAUD,2/12/21,3:18:37,3
HC2,SYLAUD,2/12/21,17:45:26,17
HC2,SYLAUD,2/12/21,6:02:23,6
HC2,SYLAUD,2/12/21,18:35:08,18
HC2,SYLAUD,2/12/21,18:47:27,18
HC2,SYLAUD,2/12/21,20:45:36,20
HC2,SYLAUD,2/12/21,20:46:01,20
HC2,SYLAUD,2/12/21,20:48:04,20
HC2,SYLAUD,2/12/21,20:51:26,20
HC2,SYLAUD,2/12/21,20:51:43,20
HC2,SYLAUD,2/12/21,8:51:58,8
HC2,CANLAT,2/13/21,0:26:27,0
HC2,MELCRI,2/13/21,10:15:56,10
HC2,MELCRI,2/13/21,10:16:08,10
HC2,MELCRI,2/13/21,10:16:21,10
HC2,MELCRI,2/13/21,10:16:33,10
HC2,MELCRI,2/13/21,10:17:16,10
HC2,SYLAUD,2/13/21,22:30:56,22
HC2,CANLAT,2/13/21,23:12:55,23
HC2,CANLAT,2/13/21,23:25:23,23
HC2,SYLAUD,2/14/21,0:55:17,0
HC2,CANLAT,1/9/21,18:43:19,18
HC2,CANLAT,1/9/21,18:43:29,18
HC2,CANLAT,1/9/21,18:43:39,18
HC2,CANLAT,1/9/21,18:45:05,18
HC2,CANLAT,1/9/21,18:45:21,18
HC2,CANLAT,1/9/21,18:45:33,18
HC2,CANLAT,1/9/21,18:45:48,18
HC2,CANLAT,1/9/21,18:46:41,18
HC2,CANLAT,1/9/21,18:46:51,18
HC2,RATNOR,1/9/21,19:22:32,19
HC2,SYLAUD,1/10/21,1:06:32,1
HC2,RATNOR,1/10/21,2:14:37,2
HC2,RATNOR,1/10/21,2:15:02,2
HC2,SYLAUD,1/10/21,7:52:31,7
HC2,SYLAUD,1/10/21,7:52:47,7
HC2,MELCRI,1/10/21,9:21:32,9
HC2,MELCRI,1/10/21,9:21:51,9
HC2,MELCRI,1/10/21,9:22:39,9
HC2,SYLAUD,1/10/21,14:15:11,14
HC2,SYLAUD,1/10/21,14:15:25,14
HC2,SYLAUD,1/10/21,14:15:46,14
HC2,SYLAUD,1/11/21,2:17:29,2
HC2,CANLAT,1/11/21,15:34:29,15
HC2,CANLAT,1/11/21,15:34:39,15
HC2,CANLAT,1/11/21,15:35:08,15
HC2,RATNOR,1/11/21,20:53:08,20
HC2,RATNOR,1/11/21,20:53:40,20
HC2,RATNOR,1/11/21,21:14:01,21
HC2,RATNOR,1/11/21,21:14:17,21
HC2,CANLAT,1/11/21,23:58:33,23
HC2,CANLAT,1/11/21,23:58:43,23
HC2,CANLAT,1/11/21,23:58:53,23
HC2,CANLAT,1/11/21,23:59:05,23
HC2,CANLAT,1/12/21,0:02:36,0
HC2,CANLAT,1/12/21,0:02:46,0
HC2,CANLAT,1/12/21,0:02:58,0
HC2,CANLAT,1/12/21,0:03:07,0
HC2,CANLAT,1/12/21,0:03:21,0
HC2,CANLAT,1/12/21,0:03:35,0
HC2,CANLAT,1/12/21,0:03:45,0
HC2,CANLAT,1/12/21,0:04:27,0
HC2,CANLAT,1/12/21,0:04:57,0
HC2,SYLAUD,1/12/21,1:27:36,1
HC2,SYLAUD,1/12/21,4:27:06,4
HC2,SYLAUD,1/12/21,4:27:16,4
HC2,MELCRI,1/12/21,13:07:34,13
HC2,MELCRI,1/12/21,13:52:21,13
HC2,CANLAT,1/12/21,16:04:27,16
HC2,CANLAT,1/12/21,16:04:43,16
HC2,SYLAUD,1/12/21,17:38:50,17
HC2,SYLAUD,1/12/21,21:46:35,21
HC2,SYLAUD,1/13/21,5:22:18,5
HC2,SYLAUD,1/13/21,5:22:28,5
HC2,SYLAUD,1/13/21,5:22:38,5
HC2,MELCRI,1/13/21,11:22:44,11
HC2,MELCRI,1/13/21,12:39:45,12
HC2,MELCRI,1/13/21,13:44:46,13
HC2,SYLAUD,1/13/21,17:29:01,17
HC2,SYLAUD,1/13/21,17:38:44,17
HC2,RATNOR,1/14/21,3:37:53,3
HC2,SYLAUD,1/14/21,4:28:20,4
HC2,MELCRI,1/14/21,10:20:28,10
HC2,MELCRI,1/14/21,10:53:14,10
HC2,SYLAUD,1/14/21,19:23:16,19
HC2,SYLAUD,1/14/21,19:23:30,19
HC2,SYLAUD,1/14/21,19:23:39,19
HC2,SYLAUD,1/14/21,20:11:31,20
HC2,SYLAUD,1/14/21,20:11:42,20
HC2,RATNOR,1/15/21,6:13:53,6
HC2,RATNOR,1/15/21,6:01:07,6
HC2,RATNOR,1/15/21,6:16:14,6
HC2,RATNOR,1/15/21,6:16:57,6
HC2,CANLAT,1/15/21,7:36:47,7
HC2,CANLAT,1/15/21,7:36:58,7
HC2,CANLAT,1/15/21,7:37:09,7
HC2,CANLAT,1/15/21,7:56:21,7
HC2,CANLAT,1/15/21,7:56:32,7
HC2,CANLAT,1/15/21,7:57:03,7
HC2,CANLAT,1/15/21,7:57:27,7
HC2,CANLAT,1/15/21,7:57:36,7
HC2,MELCRI,1/15/21,10:56:51,10
HC2,MELCRI,1/15/21,10:57:14,10
HC2,MELCRI,1/15/21,11:00:45,11
HC2,MELCRI,1/15/21,13:37:49,13
HC2,CANLAT,1/15/21,16:40:58,16
HC2,CANLAT,1/15/21,16:41:21,16
HC2,CANLAT,1/15/21,16:41:38,16
HC2,CANLAT,1/15/21,16:41:49,16
HC2,CANLAT,1/15/21,17:07:12,17
HC2,CANLAT,1/15/21,17:07:24,17
HC2,CANLAT,1/15/21,17:07:34,17
HC2,SYLAUD,1/15/21,19:38:38,19
HC2,SYLAUD,1/15/21,20:28:37,20
HC2,RATNOR,1/16/21,0:58:41,0
HC2,SYLAUD,1/16/21,4:10:09,4
HC2,MELCRI,1/16/21,7:29:13,7
HC2,MELCRI,1/16/21,7:29:24,7
HC2,MELCRI,1/16/21,8:18:21,8
HC2,CANLAT,1/16/21,15:52:27,15
HC2,MELCRI,1/16/21,17:07:37,17
HC2,EUPCYA,1/16/21,17:31:39,17
HC2,SYLAUD,1/16/21,17:51:34,17
HC2,SYLAUD,1/16/21,17:51:57,17
HC2,RATNOR,1/16/21,21:52:07,21
HC2,RATNOR,1/16/21,21:52:17,21
HC2,SYLAUD,1/17/21,2:27:00,2
HC2,SYLAUD,1/17/21,5:01:39,5
HC2,SYLAUD,1/17/21,5:01:49,5
HC2,SYLAUD,1/17/21,5:01:59,5
HC2,SYLAUD,1/17/21,5:02:10,5
HC2,SYLAUD,1/17/21,17:49:56,17
HC2,EUPCYA,1/18/21,13:16:58,13
HC2,EUPCYA,1/18/21,13:27:35,13
HC2,EUPCYA,1/18/21,13:29:14,13
HC2,SYLAUD,1/18/21,18:29:24,18
HC2,RATNOR,1/19/21,3:06:30,3
HC2,RATNOR,1/19/21,3:06:51,3
HC2,RATNOR,1/19/21,3:39:08,3
HC2,RATNOR,1/19/21,3:39:19,3
HC2,RATNOR,1/19/21,3:39:34,3
HC2,RATNOR,1/19/21,3:39:47,3
HC2,SYLAUD,1/19/21,21:21:10,21
HC2,SYLAUD,1/19/21,22:05:17,22
HC2,SYLAUD,1/19/21,23:58:34,23
HC2,SYLAUD,1/20/21,0:02:04,0
HC2,RATNOR,1/20/21,2:16:38,2
HC2,SYLAUD,1/20/21,3:46:35,3
HC2,CANLAT,1/20/21,17:30:03,17
HC2,SYLAUD,1/20/21,19:29:05,19
HC2,SYLAUD,1/21/21,0:38:49,0
HC2,SYLAUD,1/21/21,4:44:05,4
HC2,SYLAUD,1/21/21,4:44:16,4
HC2,SYLAUD,1/21/21,4:44:27,4
HC2,SYLAUD,1/21/21,5:35:58,5
HC2,CANLAT,1/21/21,12:46:17,12
HC2,CANLAT,1/21/21,15:59:34,15
HC2,SYLAUD,1/21/21,18:41:42,18
HC2,SELSAS,1/22/21,10:04:33,10
HC2,ZENMAC,1/22/21,10:17:19,10
HC2,SYLAUD,1/22/21,18:42:57,18
HC2,SYLAUD,1/23/21,1:28:43,1
HC2,SYLAUD,1/23/21,1:28:55,1
HC2,SYLAUD,1/24/21,1:36:52,1
HC2,SYLAUD,1/23/21,1:37:42,1
HC2,SYLAUD,1/23/21,1:37:56,1
HC2,SYLAUD,1/23/21,1:38:31,1
HC2,SYLAUD,1/23/21,3:53:01,3
HC2,SYLAUD,1/23/21,4:04:35,4
HC2,SYLAUD,1/23/21,5:51:34,5
HC2,RATNOR,1/23/21,12:25:49,12
HC2,SYLAUD,1/24/21,17:51:47,17
HC2,SYLAUD,1/24/21,17:53:00,17
HC2,SYLAUD,1/24/21,21:25:31,21
HC2,RATNOR,1/25/21,21:09:35,21
HC2,RATNOR,1/25/21,21:14:33,21
HC2,SYLAUD,1/26/21,4:36:01,4
HC2,SYLAUD,1/26/21,5:37:40,5
HC2,CANLAT,1/26/21,7:05:00,7
HC2,CANLAT,1/26/21,7:05:11,7
HC2,CANLAT,1/26/21,7:05:25,7
HC2,CANLAT,1/26/21,7:05:35,7
HC2,CANLAT,1/26/21,7:18:38,7
HC2,CANLAT,1/26/21,7:18:48,7
HC2,CANLAT,1/26/21,7:18:58,7
HC2,CANLAT,1/26/21,7:19:08,7
HC2,CANLAT,1/26/21,7:20:09,7
HC2,CANLAT,1/26/21,7:20:19,7
HC2,RATNOR,1/26/21,20:59:31,20
HC2,SYLAUD,1/27/21,3:10:05,3
HC2,CANLAT,1/27/21,16:42:11,16
HC3,PASDOM,2/6/21,11:28:24,11
HC3,PASDOM,2/6/21,13:06:29,13
HC3,PASDOM,2/6/21,13:20:08,13
HC3,PASDOM,2/6/21,14:55:24,14
HC3,ZENMAC,2/6/21,15:06:01,15
HC3,SITCAN,2/6/21,17:03:23,17
HC3,PASDOM,2/7/21,14:54:14,14
HC3,PASDOM,2/7/21,15:02:00,15
HC3,SYLAUD,2/7/21,19:50:10,19
HC3,RATNOR,2/8/21,3:38:51,3
HC3,PASDOM,2/8/21,11:04:37,11
HC3,ZENMAC,2/8/21,14:31:29,14
HC3,ZENMAC,2/8/21,15:22:04,15
HC3,SYLAUD,2/8/21,16:12:20,16
HC3,SYLAUD,2/8/21,16:14:45,16
HC3,RATNOR,2/8/21,18:59:55,18
HC3,HAEMEX,2/9/21,6:38:55,6
HC3,CANLAT,2/9/21,6:57:53,6
HC3,SETCOR,2/9/21,7:20:08,7
HC3,ZENMAC,2/9/21,10:43:39,10
HC3,PASDOM,2/9/21,12:11:40,12
HC3,PASDOM,2/9/21,12:18:43,12
HC3,PASDOM,2/9/21,12:22:52,12
HC3,SYLAUD,2/9/21,13:29:11,13
HC3,SYLAUD,2/9/21,15:34:21,15
HC3,SYLAUD,2/9/21,16:25:56,16
HC3,SYLAUD,2/9/21,17:46:59,17
HC3,CANLAT,2/10/21,9:37:03,9
HC3,CANLAT,2/10/21,9:37:56,9
HC3,CANLAT,2/10/21,9:38:15,9
HC3,CANLAT,2/10/21,9:38:24,9
HC3,CANLAT,2/10/21,9:43:55,9
HC3,CANLAT,2/10/21,9:44:06,9
HC3,CANLAT,2/10/21,9:44:20,9
HC3,CANLAT,2/10/21,9:44:32,9
HC3,CANLAT,2/10/21,10:01:49,10
HC3,MIMPOL,2/11/21,13:58:29,13
HC3,SETCOR,2/11/21,14:18:36,14
HC3,MIMPOL,2/11/21,15:00:32,15
HC3,MIMPOL,2/11/21,15:01:18,15
HC3,HAEMEX,2/11/21,15:15:49,15
HC3,SETCOR,2/11/21,15:27:49,15
HC3,PASDOM,2/11/21,15:29:29,15
HC3,SETCOR,2/11/21,16:32:02,16
HC3,ZENMAC,2/11/21,16:40:18,16
HC3,SYLAUD,2/11/21,18:13:04,18
HC3,SYLAUD,2/11/21,18:20:35,18
HC3,SYLAUD,2/12/21,0:50:45,0
HC3,SYLAUD,2/12/21,0:51:03,0
HC3,SYLAUD,2/12/21,0:51:21,0
HC3,HAEMEX,2/12/21,12:34:58,12
HC3,HAEMEX,2/12/21,12:35:18,12
HC3,HAEMEX,2/12/21,12:35:50,12
HC3,HAEMEX,2/12/21,12:36:36,12
HC3,HAEMEX,2/12/21,12:38:52,12
HC3,SETCOR,2/12/21,13:24:09,13
HC3,SETCOR,2/12/21,13:25:24,13
HC3,SETCOR,2/12/21,15:18:59,15
HC3,MIMPOL,2/12/21,15:21:26,15
HC3,MIMPOL,2/12/21,15:27:47,15
HC3,ZONLEU,2/12/21,15:29:42,15
HC3,SETCOR,2/12/21,15:29:42,15
HC3,PASDOM,2/12/21,15:32:16,15
HC3,SETCOR,2/12/21,16:14:53,16
HC3,PASDOM,2/12/21,16:42:54,16
HC3,SETCOR,2/13/21,10:33:39,10
HC3,HAEMEX,2/13/21,10:48:21,10
HC3,ZONLEU,2/13/21,12:39:57,12
HC3,ZONLEU,2/13/21,14:06:42,14
HC3,MIMPOL,2/13/21,14:17:23,14
HC3,SYLAUD,2/14/21,0:51:35,0
HC3,SELRUF,2/14/21,8:10:28,8
HC3,ZENMAC,2/14/21,8:47:29,8
HC3,ZENMAC,2/14/21,8:47:54,8
HC3,RATNOR,2/15/21,0:23:17,0
HC3,RATNOR,2/15/21,1:37:25,1
HC3,SYLAUD,2/15/21,6:23:14,6
HC3,CANLAT,2/15/21,7:04:21,7
HC3,CANLAT,2/15/21,7:04:30,7
HC3,MIMPOL,2/15/21,11:48:29,11
HC3,HAEMEX,2/15/21,12:53:39,12
HC3,RATNOR,2/15/21,21:43:40,21
HC3,HAEMEX,2/16/21,9:06:07,9
HC3,HAEMEX,2/13/21,14:02:05,14
HC3,PASDOM,2/16/21,9:39:13,9
HC3,PASDOM,2/16/21,9:48:01,9
HC3,ZENMAC,2/16/21,10:21:46,10
HC3,ZENMAC,2/16/21,10:22:09,10
HC3,SETCOR,2/16/21,16:32:36,16
HC3,RATNOR,2/16/21,18:01:30,18
HC3,ZENMAC,2/17/21,8:10:18,8
HC3,ZENMAC,2/17/21,8:37:27,8
HC3,ZENMAC,2/17/21,8:37:59,8
HC3,ZENMAC,2/17/21,8:42:05,8
HC3,SELRUF,2/17/21,9:29:32,9
HC3,HAEMEX,2/17/21,11:19:04,11
HC3,PASDOM,2/17/21,12:37:40,12
HC3,PASDOM,2/17/21,13:48:18,13
HC3,SETCOR,2/17/21,14:08:24,14
HC3,PASDOM,2/17/21,14:30:21,14
HC3,PASDOM,2/17/21,14:31:28,14
HC3,PASDOM,2/17/21,14:32:33,14
HC3,PASDOM,2/17/21,14:45:59,14
HC3,PASDOM,2/17/21,14:47:22,14
HC3,PASDOM,2/17/21,14:56:12,14
HC3,SETCOR,2/17/21,15:10:10,15
HC3,SETCOR,2/17/21,15:10:22,15
HC3,HAEMEX,2/17/21,15:23:42,15
HC3,HAEMEX,2/17/21,15:23:53,15
HC3,SETCOR,2/17/21,15:44:37,15
HC3,SETCOR,2/17/21,16:18:34,16
HC3,SETCOR,2/17/21,16:44:31,16
HC3,RATNOR,2/18/21,0:47:21,0
HC3,SYLAUD,2/18/21,3:07:34,3
HC3,SETCOR,2/18/21,8:25:24,8
HC3,SETCOR,2/18/21,8:27:23,8
HC3,ZENMAC,2/18/21,8:56:37,8
HC3,ZENMAC,2/18/21,8:58:33,8
HC3,PASDOM,2/18/21,9:50:34,9
HC3,PASDOM,2/18/21,10:22:34,10
HC3,ZENMAC,2/18/21,10:27:13,10
HC3,SYLAUD,3/4/21,11:24:43,11
HC3,SYLAUD,3/4/21,11:25:37,11
HC3,HAEMEX,3/4/21,12:49:24,12
HC3,SYLAUD,3/5/21,18:42:28,18
HC3,SYLAUD,3/6/21,10:44:01,10
HC3,SYLAUD,3/6/21,11:03:09,11
HC3,HAEMEX,3/6/21,11:45:58,11
HC3,SYLAUD,3/6/21,13:27:11,13
HC3,HAEMEX,3/6/21,14:23:02,14
HC3,RATNOR,3/7/21,20:48:46,20
HC3,SYLAUD,3/8/21,0:45:12,0
HC3,SYLAUD,3/8/21,0:45:38,0
HC3,RATNOR,3/8/21,4:35:33,4
HC3,HAEMEX,3/9/21,9:48:05,9
HC3,SCEOCC,3/9/21,12:17:49,12
HC3,HAEMEX,3/9/21,13:54:43,13
HC3,SYLAUD,3/9/21,21:02:54,21
HC3,SYLAUD,3/9/21,22:20:55,22
HC3,CANLAT,3/10/21,6:45:16,6
HC3,HAEMEX,3/10/21,9:26:07,9
HC3,HAEMEX,3/10/21,10:01:27,10
HC3,HAEMEX,3/10/21,10:47:32,10
HC3,HAEMEX,3/10/21,11:05:36,11
HC3,SYLAUD,3/10/21,17:11:25,17
HC3,ZENMAC,3/11/21,12:48:39,12
HC3,SYLAUD,3/11/21,16:18:46,16
HC3,SYLAUD,3/11/21,21:14:54,21
HC3,RATNOR,3/11/21,22:42:49,22
HC3,SITCAN,3/12/21,14:21:43,14
HC3,SITCAN,3/12/21,14:37:08,14
HC3,COLUMB,3/12/21,15:36:48,15
HC3,COLUMB,3/12/21,16:05:56,16
HC3,SYLAUD,3/12/21,19:39:59,19
HC3,SYLAUD,3/13/21,9:06:05,9
HC3,SYLAUD,3/13/21,9:26:48,9
HC3,MIMPOL,3/13/21,14:18:39,14
HC3,SYLAUD,3/13/21,19:02:29,19
HC3,SYLAUD,3/14/21,11:19:24,11
HC3,SYLAUD,3/14/21,11:20:01,11
HC3,SITCAN,3/14/21,15:56:36,15
HC3,SYLAUD,3/15/21,2:59:57,2
HC3,ZENMAC,3/15/21,12:36:49,12
HC3,SITCAN,3/15/21,17:33:29,17
HC3,SITCAN,3/15/21,17:51:10,17
HC3,SYLAUD,3/15/21,22:41:39,22
HC3,ZENMAC,3/17/21,14:33:57,14
HC3,ZENMAC,3/17/21,14:34:55,14
HC3,ZENMAC,3/17/21,14:36:31,14
HC3,ZENMAC,3/17/21,14:37:30,14
HC3,RATNOR,3/17/21,21:31:09,21
HC3,SYLAUD,3/18/21,13:50:16,13
HC3,SYLAUD,3/18/21,15:08:19,15
HC3,SCEOCC,3/20/21,14:07:29,14
HC3,SYLAUD,3/21/21,7:50:10,7
HC3,SYLAUD,3/21/21,7:52:15,7
HC3,PASDOM,3/21/21,8:49:09,8
HC3,SCEOCC,3/21/21,12:50:29,12
HC3,SCEOCC,3/21/21,12:50:45,12
HC3,SYLAUD,3/21/21,21:50:56,21
HC3,SYLAUD,3/21/21,22:04:44,22
HC3,SYLAUD,3/22/21,3:57:15,3
HC3,SYLAUD,3/22/21,5:11:35,5
HC3,SETCOR,3/22/21,17:29:52,17
HC3,SYLAUD,3/23/21,6:49:54,6
HC3,SYLAUD,3/23/21,7:06:46,7
HC3,SYLAUD,3/23/21,7:19:12,7
HC3,SCEOCC,3/23/21,13:26:10,13
HC3,SYLAUD,3/23/21,15:57:14,15
HC3,SYLAUD,3/23/21,20:01:51,20
HC3,SYLAUD,3/23/21,20:59:59,20
HC3,SYLAUD,3/24/21,3:15:37,3
HC3,SYLAUD,3/24/21,9:11:52,9
HC3,SYLAUD,3/24/21,9:21:34,9
HC3,SYLAUD,3/24/21,9:24:51,9
HC3,SYLAUD,3/24/21,18:24:21,18
HC3,SYLAUD,3/24/21,18:27:55,18
HC3,SYLAUD,3/24/21,19:34:22,19
PR1,CANLAT,2/6/21,22:08:35,22
PR1,MIMPOL,2/8/21,16:46:43,16
PR1,CANLAT,2/10/21,18:19:20,18
PR1,SYLAUD,2/10/21,19:09:27,19
PR1,SYLAUD,2/10/21,5:02:30,5
PR1,ZENMAC,2/21/21,8:57:18,8
PR1,ZENMAC,2/21/21,8:58:01,8
PR1,CANLAT,2/22/21,18:59:55,18
PR1,CANLAT,2/22/21,20:21:16,20
PR1,CANLAT,2/22/21,20:21:35,20
HC2 A,SYLAUD,12/26/20,17:44:09,17
HC2 A,SYLAUD,12/26/20,17:44:33,17
HC2 A,SYLAUD,12/26/20,17:44:42,17
HC2 A,SYLAUD,12/26/20,17:44:54,17
HC2 A,SYLAUD,12/26/20,17:45:08,17
HC2 A,PASDOM,12/23/18,14:18:11,14
HC2 A,SYLAUD,12/26/20,17:45:21,17
HC2 A,SYLAUD,12/27/20,3:11:45,3
HC2 A,CANLAT,12/23/18,19:09:06,19
HC2 A,SYLAUD,12/17/20,3:13:04,3
HC2 A,SYLAUD,12/27/20,3:29:34,3
HC2 A,CANLAT,12/23/18,19:09:27,19
HC2 A,CANLAT,12/23/18,19:09:37,19
HC2 A,SYLAUD,12/27/20,4:36:58,4
HC2 A,CANLAT,12/22/18,16:08:59,16
HC2 A,CANLAT,12/23/18,19:09:48,19
HC2 A,CANLAT,12/23/18,19:28:23,19
HC2 A,SYLAUD,12/27/20,4:37:30,4
HC2 A,SYLAUD,12/22/18,19:22:35,19
HC2 A,CANLAT,12/23/18,19:28:34,19
HC2 A,SYLAUD,12/27/20,4:50:08,4
HC2 A,SYLAUD,12/27/20,4:50:23,4
HC2 A,RATNOR,12/24/18,2:15:24,2
HC2 A,SYLAUD,12/27/20,4:50:33,4
HC2 A,SYLAUD,12/23/18,0:46:46,0
HC2 A,CANLAT,12/24/18,5:07:12,5
HC2 A,SYLAUD,12/27/20,4:54:04,4
HC2 A,SYLAUD,12/23/18,0:46:56,0
HC2 A,SYLAUD,12/27/20,4:56:16,4
HC2 A,SYLAUD,12/24/18,10:30:01,10
HC2 A,SYLAUD,12/27/20,4:54:29,4
HC2 A,SYLAUD,12/23/18,1:37:04,1
HC2 A,SYLAUD,12/24/18,10:30:15,10
HC2 A,SYLAUD,12/27/20,4:55:32,4
HC2 A,SYLAUD,12/23/18,1:37:17,1
HC2 A,SYLAUD,12/24/18,10:30:27,10
HC2 A,SYLAUD,12/27/20,4:55:47,4
HC2 A,SYLAUD,12/23/18,1:37:36,1
HC2 A,SYLAUD,12/24/18,10:30:39,10
HC2 A,SYLAUD,12/27/20,4:56:00,4
HC2 A,SYLAUD,12/24/18,10:30:58,10
HC2 A,SYLAUD,12/27/20,4:56:10,4
HC2 A,SYLAUD,12/23/18,3:29:07,3
HC2 A,SYLAUD,12/24/18,10:31:21,10
HC2 A,SYLAUD,12/23/18,3:29:21,3
HC2 A,SYLAUD,12/23/18,3:29:32,3
HC2 A,SYLAUD,12/23/18,3:29:50,3
HC2 A,SYLAUD,12/27/20,4:57:05,4
HC2 A,SYLAUD,12/23/18,3:31:12,3
HC2 A,SYLAUD,12/24/18,17:22:11,17
HC2 A,SYLAUD,12/27/20,4:57:46,4
HC2 A,SYLAUD,12/23/18,4:04:38,4
HC2 A,SYLAUD,12/24/18,17:22:25,17
HC2 A,SYLAUD,12/24/18,17:22:35,17
HC2 A,SYLAUD,12/27/20,4:58:14,4
HC2 A,SYLAUD,12/27/20,5:01:47,5
HC2 A,CANLAT,12/24/18,17:59:09,17
HC2 A,SYLAUD,12/27/20,5:02:28,5
HC2 A,CANLAT,12/24/18,18:04:55,18
HC2 A,SYLAUD,12/27/20,5:02:43,5
HC2 A,SYLAUD,12/27/20,5:02:52,5
HC2 A,RATNOR,12/24/18,23:37:35,23
HC2 A,SYLAUD,12/27/20,5:03:09,5
HC2 A,RATNOR,12/24/18,23:57:08,23
HC2 A,SYLAUD,12/27/20,5:04:13,5
HC2 A,RATNOR,12/25/18,1:47:48,1
HC2 A,SYLAUD,12/27/20,5:04:22,5
HC2 A,RATNOR,12/25/18,3:12:53,3
HC2 A,SYLAUD,12/27/20,5:04:59,5
HC2 A,RATNOR,12/25/18,4:20:09,4
HC2 A,SYLAUD,12/27/20,5:05:21,5
HC2 A,SYLAUD,12/27/20,5:05:50,5
HC2 A,SYLAUD,12/27/20,5:06:03,5
HC2 A,SYLAUD,12/27/20,5:06:12,5
HC2 A,PASDOM,12/25/18,7:32:34,7
HC2 A,SYLAUD,12/27/20,5:06:25,5
HC2 A,SYLAUD,12/27/20,5:07:14,5
HC2 A,SYLAUD,12/27/20,5:07:28,5
HC2 A,SYLAUD,12/27/20,5:12:14,5
HC2 A,SYLAUD,12/27/20,19:31:06,19
HC2 A,SYLAUD,12/27/20,23:59:02,23
HC2 A,SYLAUD,12/27/20,23:59:17,23
HC2 A,RATNOR,12/25/18,17:34:56,17
HC2 A,RATNOR,12/28/20,2:06:09,2
HC2 A,SYLAUD,12/25/18,18:14:22,18
HC2 A,RATNOR,12/25/18,18:14:22,18
HC2 A,SYLAUD,12/25/18,19:13:57,19
HC2 A,RATNOR,12/25/18,19:13:57,19
HC2 A,RATNOR,12/26/18,5:14:44,5
HC2 A,PASDOM,12/26/18,7:49:01,7
HC2 A,SYLAUD,12/28/20,22:27:54,22
HC2 A,SYLAUD,12/26/18,8:21:13,8
HC2 A,SYLAUD,12/28/20,22:29:15,22
HC2 A,SYLAUD,12/28/20,22:29:25,22
HC2 A,RATNOR,12/28/20,23:30:52,23
HC2 A,RATNOR,12/29/20,3:36:02,3
PR1,SELSAS,3/11/21,15:06:22,15
PR1,CANLAT,3/13/21,2:41:53,2
PR1,PASDOM,3/16/21,19:45:16,19
SC1,CANLAT,2/18/21,23:51:00,23
SC1,SYLAUD,2/19/21,18:32:58,18
SC1,CANLAT,2/19/21,21:28:45,21
SC1,CANLAT,2/19/21,21:30:58,21
SC1,CANLAT,2/20/21,17:32:10,17
SC1,CANLAT,2/20/21,17:32:24,17
SC1,CANLAT,2/20/21,17:32:41,17
SC1,CANLAT,2/21/21,4:40:45,4
SC1,CANLAT,2/22/21,17:44:24,17
SC1,CANLAT,2/22/21,19:40:43,19
SC1,CANLAT,2/22/21,19:40:54,19
SC1,CANLAT,2/22/21,19:41:38,19
SC1,CANLAT,2/22/21,19:41:58,19
SC1,CANLAT,2/22/21,19:42:08,19
SC1,CANLAT,2/22/21,19:42:21,19
SC1,CANLAT,2/22/21,19:42:32,19
SC1,CANLAT,2/22/21,19:42:43,19
SC1,CANLAT,2/22/21,19:44:00,19
SC1,CANLAT,2/22/21,19:44:16,19
SC1,CANLAT,2/22/21,19:44:26,19
SC1,CANLAT,2/22/21,19:44:36,19
SC1,CANLAT,2/22/21,19:44:47,19
SC1,CANLAT,2/22/21,19:44:58,19
VP1,CANLAT,2/4/21,6:39:50,6
VP1,CANLAT,2/5/21,2:16:40,2
VP1,CANLAT,2/5/21,2:16:40,2
VP1,CANLAT,2/5/21,2:18:04,2
VP1,CANLAT,2/5/21,2:18:07,2
VP1,CANLAT,2/5/21,2:18:07,2
VP1,CANLAT,2/5/21,2:38:42,2
VP1,CANLAT,2/5/21,2:39:12,2
VP1,CANLAT,2/5/21,2:39:15,2
VP1,CANLAT,2/5/21,2:39:18,2
VP1,SYLAUD,2/5/21,7:17:02,7
VP1,SYLAUD,2/5/21,7:17:05,7
VP1,SYLAUD,2/5/21,7:17:08,7
VP1,SYLAUD,2/6/21,18:10:17,18
VP1,SYLAUD,2/6/21,18:10:29,18
VP1,SYLAUD,2/6/21,18:41:09,18
VP1,SYLAUD,2/6/21,19:34:21,19
VP1,SYLAUD,2/6/21,19:34:31,19
VP1,SYLAUD,2/6/21,19:50:24,19
VP1,SYLAUD,2/6/21,19:50:58,19
VP1,SYLAUD,2/6/21,19:51:15,19
VP1,SYLAUD,2/6/21,19:52:22,19
VP1,SYLAUD,2/6/21,19:56:11,19
VP1,SYLAUD,2/6/21,19:56:23,19
VP1,SYLAUD,2/6/21,19:56:38,19
VP1,SYLAUD,2/7/21,1:57:48,1
VP1,SYLAUD,2/7/21,4:22:10,4
VP1,ZONLEU,2/7/21,5:22:10,5
VP1,ZONLEU,2/7/21,14:13:45,14
VP1,SYLAUD,2/7/21,19:27:47,19
VP1,SYLAUD,2/7/21,19:27:57,19
VP1,SYLAUD,2/7/21,20:35:24,20
VP1,SYLAUD,2/7/21,20:35:35,20
VP1,SYLAUD,2/7/21,20:36:23,20
VP1,SYLAUD,2/7/21,23:56:27,23
VP1,SYLAUD,2/8/21,0:00:53,0
VP1,SYLAUD,2/8/21,5:57:27,5
VP1,SYLAUD,2/8/21,5:57:36,5
VP1,ZONLEU,2/8/21,8:46:08,8
VP1,SYLAUD,2/8/21,16:42:30,16
VP1,SYLAUD,2/8/21,18:29:19,18
VP1,SYLAUD,2/8/21,18:30:28,18
VP1,SYLAUD,2/8/21,18:32:04,18
VP1,SYLAUD,2/8/21,22:08:22,22
VP1,SYLAUD,2/9/21,0:27:31,0
VP1,SYLAUD,2/9/21,0:30:36,0
VP1,SYLAUD,2/9/21,0:32:05,0
VP1,SYLAUD,2/9/21,1:00:10,1
VP1,SYLAUD,2/9/21,1:00:34,1
VP1,SYLAUD,2/9/21,1:22:34,1
VP1,SYLAUD,2/9/21,2:07:30,2
VP1,SYLAUD,2/9/21,2:19:05,2
VP1,SYLAUD,2/9/21,2:20:15,2
VP1,SYLAUD,2/9/21,2:46:12,2
VP1,SYLAUD,2/9/21,2:46:23,2
VP1,SYLAUD,2/9/21,3:25:19,3
VP1,SYLAUD,2/9/21,3:25:29,3
VP1,SYLAUD,2/9/21,3:26:48,3
VP1,SYLAUD,2/9/21,4:23:20,4
VP1,SYLAUD,2/9/21,4:23:33,4
VP1,SYLAUD,2/9/21,4:23:43,4
VP1,SYLAUD,2/9/21,4:25:22,4
VP1,SYLAUD,2/9/21,4:37:15,4
VP1,SYLAUD,2/9/21,5:22:08,5
VP1,CANLAT,2/9/21,6:39:30,6
VP1,SYLAUD,2/9/21,9:59:56,9
VP1,SYLAUD,2/9/21,10:00:16,10
VP1,CANLAT,2/9/21,17:56:42,17
VP1,CANLAT,2/9/21,17:56:59,17
VP1,CANLAT,2/9/21,17:57:30,17
VP1,CANLAT,2/9/21,17:57:52,17
VP1,CANLAT,2/9/21,19:43:37,19
VP1,CANLAT,2/9/21,19:51:11,19
VP1,SYLAUD,2/9/21,21:48:24,21
VP1,SYLAUD,2/9/21,22:13:35,22
VP1,SYLAUD,2/9/21,23:27:41,23
VP1,SYLAUD,2/9/21,23:27:51,23
VP1,SYLAUD,2/9/21,23:42:38,23
VP1,SYLAUD,2/10/21,0:24:43,0
VP1,SYLAUD,2/10/21,0:42:05,0
VP1,SYLAUD,2/10/21,0:44:28,0
VP1,SYLAUD,2/10/21,3:21:16,3
VP1,SYLAUD,2/11/21,0:05:21,0
VP1,ZENMAC,2/11/21,11:49:09,11